,listing_name,address,property_management_name,permit_value,floors,units_or_Size,building_type,image,url,source_name,permit_Value,units_or_size
0,The Abraham,"2180 Robie Street, Halifax",Commons View Holdings Ltd,$22.4M,9,108,Mixed Use,https://halifaxdevelopments.files.wordpress.com/2023/12/20231230_1443154408972597760767942.jpg?w=1024,https://halifaxdevelopments.ca/2023/12/30/the-abraham/,Halifax Regional Municiaplity development blog,,
1,The Avalon,"22 Hamlet Lane, Dartmouth",Pinnacle Construction,$17.0 M,10,90,1,https://halifaxdevelopments.files.wordpress.com/2024/03/20240301_1401342038598857651699188.jpg?w=1024,https://halifaxdevelopments.ca/2024/03/02/22-hamlet-lane-3/,Halifax Regional Municiaplity development blog,,
2,22 Hamlet Lane,"22 Hamlet Lane, Dartmouth",Unknown,$17.0 M,10,90,0,https://halifaxdevelopments.files.wordpress.com/2024/01/20240124_1348022331068749895340363.jpg?w=1024,https://halifaxdevelopments.ca/2024/01/27/22-hamlet-lane-2/,Halifax Regional Municiaplity development blog,,
3,22 Hamlet Lane,"22 Hamlet Lane, Dartmouth",Pinnacle Homes,-1,10,90,-1,https://halifaxdevelopments.files.wordpress.com/2024/01/20240105_1428362291015044194480343.jpg?w=1024,https://halifaxdevelopments.ca/2024/01/07/22-hamlet-lane/,Halifax Regional Municiaplity development blog,,
4,22 Hamlet Lane,22 Hamlet Lane,-1,-1,-1,-1,-1,-1,-1,Halifax Regional Municiaplity development blog,,
5,Admiral’s Corner Apartments,"2828 Gottingen Street, Halifax",Cornerstone Developments Ltd,$3.9M,7,40,1,https://halifaxdevelopments.files.wordpress.com/2023/12/20231209_133021.jpg?w=1024,https://halifaxdevelopments.ca/2023/12/10/admirals-corner-apartments/,Halifax Regional Municiaplity development blog,,
6,Bedford Square,"40 Taviton Street, Halifax",Shannex Developments,$42.1 M,8,154,Residential,https://halifaxdevelopments.files.wordpress.com/2024/02/20240211_1340378861999465470079838.jpg?w=1024,https://halifaxdevelopments.ca/2024/02/12/bedford-square/,Halifax Regional Municiaplity development blog,,
7,Bedford Square,-1,-1,-1,-1,-1,-1,https://halifaxdevelopments.files.wordpress.com/2023/12/20231225_1248228032418637382502043.jpg?w=1024,https://halifaxdevelopments.ca/2023/12/27/shannex-bedford/,Halifax Regional Municiaplity development blog,,
8,The Bello,"2 Montebello Drive, Dartmouth",Yellowstone Commercial,,6,42,Mixed-Use,https://halifaxdevelopments.files.wordpress.com/2024/02/20240202_1410081902631161031777287.jpg?w=1024,https://halifaxdevelopments.ca/2024/02/04/the-bello-2/,Halifax Regional Municiaplity development blog,$9.2M,
9,The Bello,"5 Montobello Drive, Dartmouth",Yellowstone Commercial Holdings Ltd,,5,40,Mixed Use,https://halifaxdevelopments.files.wordpress.com/2023/12/20231212_141152.jpg?w=1024,https://halifaxdevelopments.ca/2023/12/14/the-bello/,Halifax Regional Municiaplity development blog,$9.2M,
10,Boa Vista,"153 Wyse Road, Dartmouth",RoMa Developments,$20.6 M,16,114,Mixed-Use,https://halifaxdevelopments.files.wordpress.com/2024/02/20240207_1421274424170378527968547.jpg?w=1024,https://halifaxdevelopments.ca/2024/02/09/boa-vista/,Halifax Regional Municiaplity development blog,,
11,153 Wyse Road,"153 Wyse Road, Dartmouth",-1,$20.6M,16,114,Mixed Use,https://halifaxdevelopments.files.wordpress.com/2023/12/20231218_1414084092097612748112833.jpg?w=1024,https://halifaxdevelopments.ca/2023/12/20/153-wyse-road-3/,Halifax Regional Municiaplity development blog,,
12,-1,"153 Wyse Road, Dartmouth",-1,-1,16,114,-1,-1,-1,Halifax Regional Municiaplity development blog,,
13,-1,153 WYSE ROAD,-1,-1,16,114,Mixed-Use,-1,-1,Halifax Regional Municiaplity development blog,,
14,Cedar Ridge,"35 Lynnett Road, Halifax",FH Development Group,$5.0 M,4,40,0,https://halifaxdevelopments.files.wordpress.com/2024/01/20240128_1529335070260692190782430.jpg?w=1024,https://halifaxdevelopments.ca/2024/01/30/cedar-ridge/,Halifax Regional Municiaplity development blog,,
15,Compass Co-Operative,"2095 Maitland Street, Halifax",Compass Co-operative Homes Ltd,-1,6,57,1,https://halifaxdevelopments.files.wordpress.com/2024/01/20240101_1353375892600938231458752.jpg?w=1024,https://halifaxdevelopments.ca/2024/01/02/compass-co-operative/,Halifax Regional Municiaplity development blog,,
16,Compass Co-Op Housing,"2095 Maitland Street, Halifax",-1,-1,-1,-1,-1,https://halifaxdevelopments.files.wordpress.com/2023/12/20231210_133127.jpg?w=1024,https://halifaxdevelopments.ca/2023/12/12/compass-co-op-housing/,Halifax Regional Municiaplity development blog,,
17,Compass Co-Operative Housing,-1,-1,-1,-1,-1,-1,-1,-1,Halifax Regional Municiaplity development blog,,
18,Compass Co-Op (2095 Maitland),-1,-1,-1,-1,-1,-1,-1,-1,Halifax Regional Municiaplity development blog,,
19,Compass Cooperative (2095 Maitland),-1,-1,-1,-1,-1,-1,-1,-1,Halifax Regional Municiaplity development blog,,
20,Compass Cooperative (2095-2119 Maitland),-1,-1,-1,6,57,-1,-1,-1,Halifax Regional Municiaplity development blog,,
21,The Cunard,"1325 Lower Water Street, Halifax",Southwest Properties,$73.1M,16,235,Mixed-Use,https://halifaxdevelopments.files.wordpress.com/2024/03/20240302_1430185744957435341858950.jpg?w=1024,https://halifaxdevelopments.ca/2024/03/03/the-cunard-2/,Halifax Regional Municiaplity development blog,,
22,CUNARD RESIDENCES,Lower Water & Morris,Not specified,-1,19,-1,Residential and Commercial,https://halifaxdevelopments.files.wordpress.com/2023/11/20231126_135219.jpg?w=1024,https://halifaxdevelopments.ca/2023/11/27/cunard-residences/,Halifax Regional Municiaplity development blog,,
23,The Cunard,1475 Lower Water,Not specified,-1,-1,-1,-1,-1,-1,Halifax Regional Municiaplity development blog,,
24,The Cypress,"57 Hamlet Lane, Dartmouth",Pinnacle Construction,$29.6 M,10,148,Residential,https://halifaxdevelopments.files.wordpress.com/2024/03/20240301_1358076198606969725330155.jpg?w=1024,https://halifaxdevelopments.ca/2024/03/02/57-hamlet-lane/,Halifax Regional Municiaplity development blog,,
25,Dartmouth Towers,"20 Best Street, Dartmouth",Manga Hotels,-1,40,1350,Mixed-Use,https://halifaxdevelopments.files.wordpress.com/2024/02/20240221_1359433056185636001463219.jpg?w=1024,https://halifaxdevelopments.ca/2024/02/22/dartmouth-towers-2/,Halifax Regional Municiaplity development blog,,
26,Dartmouth Towers,"20 Best Street, Dartmouth",Manga Hotels Construction,-1,33,,Mixed-Use,https://halifaxdevelopments.files.wordpress.com/2024/02/20240201_134610272703065287873979.jpg?w=1024,https://halifaxdevelopments.ca/2024/02/03/dartmouth-towers/,Halifax Regional Municiaplity development blog,,-1
27,The Delmore,"2393 Maynard Street, Halifax",R C Jane,,6,20,Residential,https://halifaxdevelopments.files.wordpress.com/2024/03/20240318_133406697881672500589822.jpg?w=1024,https://halifaxdevelopments.ca/2024/03/20/the-delmore-9/,Halifax Regional Municiaplity development blog,$3.6M,
28,The Delmore,"2393 Maynard Street, Halifax",R C Jane,,6,20,Residential,https://halifaxdevelopments.files.wordpress.com/2024/03/20240305_125301778967201904868927.jpg?w=1024,https://halifaxdevelopments.ca/2024/03/06/the-delmore-8/,Halifax Regional Municiaplity development blog,$3.6M,
29,The Delmore,"2393 Maynard Street, Halifax",R C Jane,,6,20,Residential,https://halifaxdevelopments.files.wordpress.com/2024/02/20240229_1328405709809682649011303.jpg?w=1024,https://halifaxdevelopments.ca/2024/03/01/the-delmore-7/,Halifax Regional Municiaplity development blog,$3.6M,
30,The Delmore,"2393 Maynard Street, Halifax",R C Jane,,6,20,Residential,https://halifaxdevelopments.files.wordpress.com/2024/02/20240221_1323347780681235009484672.jpg?w=1024,https://halifaxdevelopments.ca/2024/02/22/the-delmore-6/,Halifax Regional Municiaplity development blog,$3.6M,
31,The Delmore,"2393 Maynard Street, Halifax",R C Jane,,6,20,Residential,https://halifaxdevelopments.files.wordpress.com/2024/02/20240215_1332266231854189083232498.jpg?w=1024,https://halifaxdevelopments.ca/2024/02/16/the-delmore-5/,Halifax Regional Municiaplity development blog,$3.6M,
32,The Delmore,"2393 Maynard Street, Halifax",R C Jane,,6,20,Residential,https://halifaxdevelopments.files.wordpress.com/2024/02/20240205_1252333879062558436971076.jpg?w=1024,https://halifaxdevelopments.ca/2024/02/06/the-delmore-4/,Halifax Regional Municiaplity development blog,$3.6M,
33,The Delmore,"2393 Maynard Street, Halifax",R C Jane,,6,20,Residential,https://halifaxdevelopments.files.wordpress.com/2024/01/20240114_1510314224262775114091921.jpg?w=1024,https://halifaxdevelopments.ca/2024/01/16/the-delmore-3/,Halifax Regional Municiaplity development blog,-1,
34,The Delmore,"2393 Maynard Street, Halifax",-1,,6,20,Residential,https://halifaxdevelopments.files.wordpress.com/2024/01/20240102_134738307139744229102647.jpg?w=1024,https://halifaxdevelopments.ca/2024/01/04/the-delmore-2/,Halifax Regional Municiaplity development blog,-1,
35,-1,2393 Maynard Street (@ Buddy Daye),-1,,5,-1,Residential,https://halifaxdevelopments.files.wordpress.com/2023/12/20231210_134714.jpg?w=1024,https://halifaxdevelopments.ca/2023/12/13/the-delmore/,Halifax Regional Municiaplity development blog,-1,
36,-1,2393 MAYNARD,-1,,-1,-1,-1,-1,-1,Halifax Regional Municiaplity development blog,-1,
37,The Edge,"51 Innovation Drive, Bedford",Not available,$15.1 M,6,66,Residential,https://halifaxdevelopments.files.wordpress.com/2024/03/20240303_1441018119891156646316657.jpg?w=1024,https://halifaxdevelopments.ca/2024/03/04/the-edge-2/,Halifax Regional Municiaplity development blog,,
38,The Edge,"51 Innovation Drive, Bedford",Not available,$15.1 M,6,66,Residential,https://halifaxdevelopments.files.wordpress.com/2024/01/20240120_155137945821532953383287.jpg?w=1024,https://halifaxdevelopments.ca/2024/01/22/the-edge/,Halifax Regional Municiaplity development blog,,
39,The Elevation on Robie,"5858 Macara Street, Halifax",Banc Group,,19,-1,Mixed Use,https://halifaxdevelopments.files.wordpress.com/2024/03/20240314_133745983787395456359902.jpg?w=1024,https://halifaxdevelopments.ca/2024/03/15/the-elevation-on-robie-10/,Halifax Regional Municiaplity development blog,-1,
40,The Elevation on Robie,"5858 Macara Street, Halifax",Banc Group,,19,-1,Mixed Use,https://halifaxdevelopments.files.wordpress.com/2024/02/20240227_1320462745539498079939545.jpg?w=1024,https://halifaxdevelopments.ca/2024/02/28/the-elevation-on-robie-9/,Halifax Regional Municiaplity development blog,-1,
41,The Elevation on Robie,"5858 Macara Street, Halifax",Banc Group,,19,-1,Mixed Use,https://halifaxdevelopments.files.wordpress.com/2023/12/20231223_1332277914910674856481179.jpg?w=1024,https://halifaxdevelopments.ca/2023/12/24/the-elevation-on-robie-8/,Halifax Regional Municiaplity development blog,-1,
42,The Elevation on Robie,"5858 Macara Street, Halifax",Banc Group,,19,-1,Mixed Use,https://halifaxdevelopments.files.wordpress.com/2023/12/20231209_133920.jpg?w=1024,https://halifaxdevelopments.ca/2023/12/10/the-elevation-on-robie-7/,Halifax Regional Municiaplity development blog,-1,
43,The Elevation on Robie,"5858 Macara Street, Halifax",Banc Group,,19,-1,Mixed Use,https://halifaxdevelopments.files.wordpress.com/2023/11/image.jpeg?w=640,https://halifaxdevelopments.ca/2023/11/21/the-elevation-on-robie-19-floors-residential/,Halifax Regional Municiaplity development blog,-1,
44,The Elmwood,"5185 South Street, Halifax",Unknown,$22 M,9,64,Mixed-Use,https://halifaxdevelopments.files.wordpress.com/2024/02/20240218_1605409197546817061296668.jpg?w=1024,https://halifaxdevelopments.ca/2024/02/20/the-elmwood-3/,Halifax Regional Municiaplity development blog,,
45,The Elmwood,"5185 South Street, Halifax",Galaxy Properties,-1,9,75,Mixed Use,https://halifaxdevelopments.files.wordpress.com/2024/01/20240108_1321325834024013263968746.jpg?w=1024,https://halifaxdevelopments.ca/2024/01/09/the-elmwood-2/,Halifax Regional Municiaplity development blog,,
46,The Elmwood,-1,-1,$22 M,9,75,-1,https://halifaxdevelopments.files.wordpress.com/2023/11/20231126_132320.jpg?w=1024,https://halifaxdevelopments.ca/2023/11/26/the-elmwood/,Halifax Regional Municiaplity development blog,,
47,The Elmwood,5185 South,-1,-1,-1,-1,-1,-1,-1,Halifax Regional Municiaplity development blog,,
48,The Eventide,"1540 Carlton Street, Halifax",Killam REIT,$22.0M,8,55,-1,https://halifaxdevelopments.files.wordpress.com/2024/03/20240317_1518483871132537488046510.jpg?w=1024,https://halifaxdevelopments.ca/2024/03/19/the-eventide-2/,Halifax Regional Municiaplity development blog,,
49,The Eventide,-1,-1,-1,-1,-1,-1,https://halifaxdevelopments.files.wordpress.com/2024/02/20240218_1539497448488537606837736.jpg?w=1024,https://halifaxdevelopments.ca/2024/02/19/the-eventide/,Halifax Regional Municiaplity development blog,,
50,Dec 31/23 Permits,-1,-1,-1,-1,-1,-1,https://halifaxdevelopments.files.wordpress.com/2023/12/20231231_1441013840722544762598587.jpg?w=1024,https://halifaxdevelopments.ca/2023/12/31/dec-31-23-permits/,Halifax Regional Municiaplity development blog,,
51,Marco | Builders of Atlantic Canada,-1,Killam REIT,-1,6,65,-1,-1,https://halifaxdevelopments.ca/2022/06/14/marco-builders-of-atlantic-canada/,Halifax Regional Municiaplity development blog,,
52,The Fairway,"3539 Joseph Howe Drive, Halifax",Kingsbrook Properties,$26.6 M,8,148,Residential,https://halifaxdevelopments.files.wordpress.com/2024/03/20240309_1657352435729705691873626.jpg?w=1024,https://halifaxdevelopments.ca/2024/03/10/the-fairway-4/,Halifax Regional Municiaplity development blog,,
53,The Fairway,"3539 Joseph Howe Drive, Halifax",Kingsbrook Properties,$26.6 M,8,148,Residential,https://halifaxdevelopments.files.wordpress.com/2024/01/20240128_1412495934711898135302557.jpg?w=1024,https://halifaxdevelopments.ca/2024/01/29/the-fairway-3/,Halifax Regional Municiaplity development blog,,
54,The Fairway,-1,Kingsbrook Properties,$26.6M,8,148,Residential,https://halifaxdevelopments.files.wordpress.com/2023/12/20231231_1540288795875992270578634.jpg?w=1024,https://halifaxdevelopments.ca/2024/01/01/the-fairway-2/,Halifax Regional Municiaplity development blog,,
55,The Fairway,-1,Kingsbrook Properties,$26.6M,8,148,Residential,https://halifaxdevelopments.files.wordpress.com/2023/12/20231216_140805541566227716588973.jpg?w=1024,https://halifaxdevelopments.ca/2023/12/16/the-fairway/,Halifax Regional Municiaplity development blog,,
56,The Finch,"22 Dawson Street, Dartmouth",Unknown,$19.8 M,7,110,1,https://halifaxdevelopments.files.wordpress.com/2024/02/20240229_1421047036745780732866239.jpg?w=1024,https://halifaxdevelopments.ca/2024/03/01/the-finch-4/,Halifax Regional Municiaplity development blog,,
57,The Finch,"22 Dawson Street, Dartmouth",Unknown,$19.8 M,7,110,1,https://halifaxdevelopments.files.wordpress.com/2024/02/20240213_131020214713821184242073.jpg?w=1024,https://halifaxdevelopments.ca/2024/02/15/the-finch-3/,Halifax Regional Municiaplity development blog,,
58,The Finch,"22 Dawson Street, Dartmouth",Unknown,-1,6,-1,-1,https://halifaxdevelopments.files.wordpress.com/2024/01/20240111_1418416026558082749555610.jpg?w=1024,https://halifaxdevelopments.ca/2024/01/13/the-finch-2/,Halifax Regional Municiaplity development blog,,
59,The Finch,"22 Dawson Street, Dartmouth",-1,$19.8M,7,110,1,https://halifaxdevelopments.files.wordpress.com/2023/12/20231207_142035.jpg?w=1024,https://halifaxdevelopments.ca/2023/12/08/the-finch/,Halifax Regional Municiaplity development blog,,
60,The Governor,1441 Hollis Street (@ Bishop),Killiam REIT,-1,6,12,Mixed Use,https://halifaxdevelopments.files.wordpress.com/2023/11/20231126_142410.jpg?w=1024,https://halifaxdevelopments.ca/2023/11/28/the-governor-3/,Halifax Regional Municiaplity development blog,,
61,The Governor,1451 Hollis,-1,-1,-1,-1,-1,-1,-1,Halifax Regional Municiaplity development blog,,
62,The Governor,1453 Hollis,-1,-1,-1,-1,-1,-1,-1,Halifax Regional Municiaplity development blog,,
63,Governor’s Plaza,-1,-1,-1,-1,-1,-1,-1,-1,Halifax Regional Municiaplity development blog,,
64,The Governor,-1,-1,-1,-1,-1,-1,-1,-1,Halifax Regional Municiaplity development blog,,
65,Greenfield Estates,"330 Broad Street, Bedford",Parkers Brook Homes,$14.7 M,5,72,1,https://halifaxdevelopments.files.wordpress.com/2024/02/20240211_1358326081553109676460866.jpg?w=1024,https://halifaxdevelopments.ca/2024/02/13/greenfield-estates-2/,Halifax Regional Municiaplity development blog,,
66,Greenfield Estates,"330 Broad Street, Bedford",Parkers Brook Homes,$14.7 M,5,72,1,https://halifaxdevelopments.files.wordpress.com/2024/01/20240120_1557222196661337376985748.jpg?w=1024,https://halifaxdevelopments.ca/2024/01/21/greenfield-estates/,Halifax Regional Municiaplity development blog,,
67,The Interchange,"3500 Joseph Howe Drive, Halifax",Banc Group,$42.8 M,13,324,Mixed-Use,https://halifaxdevelopments.files.wordpress.com/2024/03/20240309_1658404129067783173959433.jpg?w=1024,https://halifaxdevelopments.ca/2024/03/10/the-interchange-3/,Halifax Regional Municiaplity development blog,,
68,The Interchange,"3514 Joseph Howe Drive, Halifax",Banc Group,-1,12,-1,-1,https://halifaxdevelopments.files.wordpress.com/2023/12/20231216_1404314000074533781686775.jpg?w=1024,-1,Halifax Regional Municiaplity development blog,,
69,The Interchange,3512 Joe Howe,-1,-1,-1,-1,-1,-1,-1,Halifax Regional Municiaplity development blog,,
70,The Interchange,3514 Joseph Howe,-1,-1,-1,-1,-1,-1,-1,Halifax Regional Municiaplity development blog,,
71,I.W.K. Emergency Department,"University Avenue, Halifax",-1,-1,-1,-1,-1,https://halifaxdevelopments.files.wordpress.com/2023/12/20231231_1433134561585514962240691.jpg?w=1024,https://halifaxdevelopments.ca/2023/12/31/i-w-k-emergency-department/,Halifax Regional Municiaplity development blog,,
72,The Kevel at King’s Wharf,"16 King’s Wharf Place, Dartmouth",The Anchorage,$47.5M,27,220,Mixed-Use,https://halifaxdevelopments.files.wordpress.com/2024/02/20240221_1407427466796153839777738.jpg?w=1024,https://halifaxdevelopments.ca/2024/02/23/the-kevel-at-kings-wharf-5/,Halifax Regional Municiaplity development blog,,
73,The Kevel at King’s Wharf,"16 King’s Wharf Place, Dartmouth",The Anchorage,$47.5M,27,220,Mixed-Use,https://halifaxdevelopments.files.wordpress.com/2024/02/20240202_1346143083050734952697534.jpg?w=1024,https://halifaxdevelopments.ca/2024/02/03/the-kevel-at-kings-wharf-4/,Halifax Regional Municiaplity development blog,,
74,The Kevel at King’s Wharf,"16 King’s Wharf Place, Dartmouth",The Anchorage,$47.5M,27,220,Mixed-Use,https://halifaxdevelopments.files.wordpress.com/2024/01/20240124_1330113055701680847522353.jpg?w=1024,https://halifaxdevelopments.ca/2024/01/26/the-kevel-at-kings-wharf-3/,Halifax Regional Municiaplity development blog,,
75,The Kevel at King’s Wharf,26 King’s Wharf Place,The Anchorage,-1,27,-1,Mixed Use,https://halifaxdevelopments.files.wordpress.com/2024/01/20240105_1414026749130675030844544.jpg?w=1024,https://halifaxdevelopments.ca/2024/01/06/the-kevel-at-kings-wharf-2/,Halifax Regional Municiaplity development blog,,
76,The Kevel – King’s Wharf,26 King’s Wharf Place,The Anchorage,-1,27,-1,Mixed Use,https://halifaxdevelopments.files.wordpress.com/2023/12/20231221_1413386791905090448223827.jpg?w=1024,https://halifaxdevelopments.ca/2023/12/23/kings-wharf-8/,Halifax Regional Municiaplity development blog,,
77,The Kevel at King’s Wharf,26 King’s Wharf Place,The Anchorage,Building permit submitted for 15 floors / 95 units for Building ‘F’.,27,-1,Mixed Use,https://halifaxdevelopments.files.wordpress.com/2023/12/20231205_132551.jpg?w=1024,https://halifaxdevelopments.ca/2023/12/06/the-kevel-at-kings-wharf/,Halifax Regional Municiaplity development blog,,
78,Lancaster Villas,"4 Lancaster Drive, Dartmouth",Baker Drive Developments,,7,176,Residential,https://halifaxdevelopments.files.wordpress.com/2024/03/20240316_1313004357374162925119876.jpg?w=1024,https://halifaxdevelopments.ca/2024/03/17/lancaster-villas-4/,Halifax Regional Municiaplity development blog,44.0M,
79,Lancaster Villas,"4 Lancaster Drive, Dartmouth",Baker Drive Developments,,7,176,Residential,https://halifaxdevelopments.files.wordpress.com/2024/02/20240208_1432357509471757774370073.jpg?w=1024,https://halifaxdevelopments.ca/2024/02/09/lancaster-villas-3/,Halifax Regional Municiaplity development blog,44.0M,
80,Lancaster Villas,"4 & 6 Lancaster Drive, Dartmouth",Baker Drive Developments,,7,352,Residential,https://halifaxdevelopments.files.wordpress.com/2024/01/20240109_1357433038781477115452661.jpg?w=1024,https://halifaxdevelopments.ca/2024/01/11/lancaster-villas-2/,Halifax Regional Municiaplity development blog,-1,
81,Lancaster Villas,-1,Baker Drive Developments,,8,-1,Residential,https://halifaxdevelopments.files.wordpress.com/2023/12/20231206_140924.jpg?w=1024,https://halifaxdevelopments.ca/2023/12/07/lancaster-villas/,Halifax Regional Municiaplity development blog,-1,
82,Lock Suites,"1120 Wellington Street, Halifax",Banc Group,$13 M,9,101,0,https://halifaxdevelopments.files.wordpress.com/2024/03/20240317_1509113797612948817436977.jpg?w=1024,https://halifaxdevelopments.ca/2024/03/18/lock-suites-2/,Halifax Regional Municiaplity development blog,,
83,LOCK SUITES,-1,Banc Group,-1,8,-1,0,https://halifaxdevelopments.files.wordpress.com/2023/11/20231126_143059.jpg?w=1024,https://halifaxdevelopments.ca/2023/11/29/lock-suites/,Halifax Regional Municiaplity development blog,,
84,Lock Suites,-1,-1,-1,-1,-1,-1,-1,-1,Halifax Regional Municiaplity development blog,,
85,-1,-1,-1,-1,-1,-1,-1,-1,-1,Halifax Regional Municiaplity development blog,,
86,-1,-1,-1,-1,-1,-1,-1,-1,-1,Halifax Regional Municiaplity development blog,,
87,Macara Presidio,"5516 Macara Street, Halifax",Unknown,$12 M,7,60,Residential,https://halifaxdevelopments.files.wordpress.com/2024/03/20240304_1338382323171465402486290.jpg?w=1024,https://halifaxdevelopments.ca/2024/03/05/macara-presidio/,Halifax Regional Municiaplity development blog,,
88,Macara Presidio,Unknown,Unknown,-1,-1,-1,-1,-1,-1,Halifax Regional Municiaplity development blog,,
89,Macara Presidio,-1,-1,-1,-1,-1,-1,-1,-1,Halifax Regional Municiaplity development blog,,
90,Main Street Centre,"139 Main Street, Dartmouth",Affirmative Ventures,,6,45,Mixed Use,https://halifaxdevelopments.files.wordpress.com/2023/12/20231223_1551307770724430159723565.jpg?w=1024,https://halifaxdevelopments.ca/2023/12/26/main-street-centre/,Halifax Regional Municiaplity development blog,-1,
91,Main Street Centre,-1,Affirmative Ventures,,6,-1,Mixed Use,https://halifaxdevelopments.files.wordpress.com/2024/01/20240112_1418581340774926210259910.jpg?w=1024,https://halifaxdevelopments.ca/2024/01/14/main-street-centre-2/,Halifax Regional Municiaplity development blog,-1,
92,The Marlstone,"1871 Albemarle Street, Halifax",Crombie REIT,,19,291,Residential,https://halifaxdevelopments.files.wordpress.com/2024/03/20240317_1438224771502571708193469.jpg?w=1024,https://halifaxdevelopments.ca/2024/03/18/the-marlstone-2/,Halifax Regional Municiaplity development blog,72.8M,
93,The Marlstone,"1871 Albemarle Street, Halifax",Crombie REIT Scotia Square - Brunswick Pedway,,19,291,Mixed Use,https://halifaxdevelopments.files.wordpress.com/2023/12/20231220_1319443040133321719458752.jpg?w=1024,https://halifaxdevelopments.ca/2023/12/21/the-marlstone/,Halifax Regional Municiaplity development blog,72.8M,
94,Maynard Suites,"2562 Maynard Street, Halifax",Maynard Holdings Ltd,,7,84,Residential,https://halifaxdevelopments.files.wordpress.com/2024/03/20240319_1305446910947272190699499.jpg?w=1024,https://halifaxdevelopments.ca/2024/03/20/maynard-suites-5/,Halifax Regional Municiaplity development blog,$13.4M,
95,Maynard Suites,"2562 Maynard Street, Halifax",Maynard Holdings Ltd,,7,84,Residential,https://halifaxdevelopments.files.wordpress.com/2024/01/20240130_1356193571827369197319757.jpg?w=1024,https://halifaxdevelopments.ca/2024/01/31/maynard-suites-4/,Halifax Regional Municiaplity development blog,$13.4M,
96,Maynard Suites,"2562 Maynard Street, Halifax",Maynard Holdings Ltd,,7,-1,Residential,https://halifaxdevelopments.files.wordpress.com/2024/01/20240107_1405045372561053701369421.jpg?w=1024,https://halifaxdevelopments.ca/2024/01/07/maynard-suites-3/,Halifax Regional Municiaplity development blog,-1,
97,Maynard Suites,"2562 Maynard Street, Halifax",Maynard Holdings,,7,-1,Residential,https://halifaxdevelopments.files.wordpress.com/2023/12/20231228_1319334454797665305697301.jpg?w=1024,https://halifaxdevelopments.ca/2023/12/29/maynard-suites-2/,Halifax Regional Municiaplity development blog,-1,
98,Maynard Suites,"2562 Maynard Street, Halifax",-1,,7,-1,Residential,https://halifaxdevelopments.files.wordpress.com/2023/12/20231205_123054.jpg?w=1024,https://halifaxdevelopments.ca/2023/12/05/maynard-suites/,Halifax Regional Municiaplity development blog,-1,
99,Millenia Suites,"2621 Clifton Street, Halifax",Emerald Property Investments,$14M,8,53,1,https://halifaxdevelopments.files.wordpress.com/2024/02/20240219_1503428978950191753153292.jpg?w=1024,https://halifaxdevelopments.ca/2024/02/21/millenia-suites-2/,Halifax Regional Municiaplity development blog,,
100,2621 Clifton,"2621 Clifton Street, Halifax",RoMa Developments,$14M,8,53,1,https://halifaxdevelopments.files.wordpress.com/2024/01/20240121_1453127893433926344198011.jpg?w=1024,https://halifaxdevelopments.ca/2024/01/24/2621-clifton-6/,Halifax Regional Municiaplity development blog,,
101,Moffatt’s Pharmacy,"190 Portland Street, Dartmouth",-1,-1,7,-1,0,https://halifaxdevelopments.files.wordpress.com/2023/12/20231205_133709.jpg?w=1024,https://halifaxdevelopments.ca/2023/12/06/moffatts-pharmacy/,Halifax Regional Municiaplity development blog,,
102,-1,-1,-1,-1,-1,-1,-1,-1,-1,Halifax Regional Municiaplity development blog,,
103,The Trinity & Moxy Hotel,"5415 Cogswell Street, Halifax",Templeton Properties,?,21,?,Mixed-Use,https://halifaxdevelopments.files.wordpress.com/2024/02/20240223_1339342821958788698941770.jpg?w=1024,https://halifaxdevelopments.ca/2024/02/24/the-trinity-moxy-hotel/,Halifax Regional Municiaplity development blog,,
104,Moxy Hotel & The Trinity,"5415 Cogswell Street, Halifax",Templeton Properties,?,21,?,Mixed-Use,https://halifaxdevelopments.files.wordpress.com/2024/01/20240122_1319393975421501184862674.jpg?w=1024,https://halifaxdevelopments.ca/2024/01/25/moxy-hotel-the-trinity-3/,Halifax Regional Municiaplity development blog,,
105,Moxy Hotel & The Trinity,"5415 Cogswell Street, Halifax",Jono Developments,?,21,?,Mixed-Use,https://halifaxdevelopments.files.wordpress.com/2024/01/20240109_1258397755961711082093884.jpg?w=1024,https://halifaxdevelopments.ca/2024/01/10/moxy-hotel-the-trinity-2/,Halifax Regional Municiaplity development blog,,
106,Moxy Hotel & The Trinity,"5415 Cogswell Street, Halifax",Jono Developments,?,21,?,Mixed-Use,https://halifaxdevelopments.files.wordpress.com/2024/01/20240101_1402103627557567298354389.jpg?w=1024,https://halifaxdevelopments.ca/2024/01/03/6798/,Halifax Regional Municiaplity development blog,,
107,Moxy Hotel & The Trinity,5415 Cogswell @ Brunswick,Jono Developments,-1,21,-1,Mixed Use,https://halifaxdevelopments.files.wordpress.com/2023/12/20231210_133434.jpg?w=1024,https://halifaxdevelopments.ca/2023/12/13/moxy-hotel-the-trinity/,Halifax Regional Municiaplity development blog,,
108,MZM Tower,"75 Wentworth Drive, Halifax",W.M. Fares,,19,105,Residential,https://halifaxdevelopments.files.wordpress.com/2024/02/20240218_1505397423991633533822508.jpg?w=1024,https://halifaxdevelopments.ca/2024/02/18/mzm-tower/,Halifax Regional Municiaplity development blog,$18.1M,
109,Stonehaven at Rockingham,75 Wentworth Drive,WM Fares,,19,114,Residential,https://halifaxdevelopments.files.wordpress.com/2023/12/20231202_130418.jpg?w=1024,https://halifaxdevelopments.ca/2023/12/03/stonehaven-at-rockingham-south/,Halifax Regional Municiaplity development blog,-1,
110,75 Wentworth,-1,-1,,-1,-1,-1,-1,-1,Halifax Regional Municiaplity development blog,-1,
111,The Abraham,"2180 Robie Street, Halifax",Commons View Holdings Ltd,$22.4M,9,108,Mixed Use,https://halifaxdevelopments.files.wordpress.com/2023/12/20231230_1443154408972597760767942.jpg?w=1024,https://halifaxdevelopments.ca/2023/12/30/the-abraham/,Halifax Regional Municiaplity development blog,,
112,-1,-1,-1,-1,-1,-1,-1,-1,-1,Halifax Regional Municiaplity development blog,,
113,The Nook II,"2487 Maynard Street, Halifax",Thrive Properties,$5.5M,5,29,Residential,https://halifaxdevelopments.files.wordpress.com/2024/02/20240215_1335201661822932721294199.jpg?w=1024,https://halifaxdevelopments.ca/2024/02/15/the-nook-ii/,Halifax Regional Municiaplity development blog,,
114,The Nook,"2487 Maynard Street, Halifax",-1,-1,-1,-1,-1,-1,-1,Halifax Regional Municiaplity development blog,,
115,The Nook,"2487 Maynard Street, Halifax",-1,-1,-1,-1,-1,-1,-1,Halifax Regional Municiaplity development blog,,
116,The Nook,"2487 Maynard Street, Halifax",-1,-1,-1,-1,-1,-1,-1,Halifax Regional Municiaplity development blog,,
117,The Nook,"2487 Maynard Street, Halifax",-1,-1,-1,-1,-1,-1,-1,Halifax Regional Municiaplity development blog,,
118,The Nook,"2487 Maynard Street, Halifax",-1,-1,-1,-1,-1,-1,-1,Halifax Regional Municiaplity development blog,,
119,The Nook,"2487 Maynard Street, Halifax",Thrive Properties,-1,-1,-1,-1,-1,-1,Halifax Regional Municiaplity development blog,,
120,The Nook,"2487 Maynard Street, Halifax",-1,-1,-1,-1,-1,-1,-1,Halifax Regional Municiaplity development blog,,
121,The Nook,"2487 Maynard Street, Halifax",-1,-1,-1,-1,-1,-1,-1,Halifax Regional Municiaplity development blog,,
122,The Nook,"2487 Maynard Street, Halifax",-1,-1,-1,-1,-1,-1,-1,Halifax Regional Municiaplity development blog,,
123,Northwood Gardens,"239 Gary Martin Drive, Bedford",Northwood,,4,75,Residential,https://halifaxdevelopments.files.wordpress.com/2024/01/20240120_154755185735860189761973.jpg?w=1024,https://halifaxdevelopments.ca/2024/01/22/northwood-gardens/,Halifax Regional Municiaplity development blog,$13.3M,
124,Unknown,239 Gary Martin Drive,NovaCorp,,-1,-1,-1,-1,-1,Halifax Regional Municiaplity development blog,-1,
125,North Oxford,"2619 Oxford Street, Halifax",Mosaik Properties,$18 M,7,128,Residential,https://halifaxdevelopments.files.wordpress.com/2024/03/20240312_1346432637063913796084727.jpg?w=1024,https://halifaxdevelopments.ca/2024/03/13/north-oxford/,Halifax Regional Municiaplity development blog,,
126,Oxford North,-1,Mosaik Properties,-1,-1,-1,-1,-1,-1,Halifax Regional Municiaplity development blog,,
127,6399 North,-1,-1,-1,-1,-1,-1,-1,-1,Halifax Regional Municiaplity development blog,,
128,North Station,"2766 Gladstone Street, Halifax",G Corp Ltd,-1,8,86,Mixed Use,https://halifaxdevelopments.files.wordpress.com/2023/12/20231209_134854.jpg?w=1024,https://halifaxdevelopments.ca/2023/12/11/north-station-3/,Halifax Regional Municiaplity development blog,,
129,NRTH Condos,"5511 Bilby Street, Halifax",Urban Capital,$18 M,8,71,Mixed-Use,https://halifaxdevelopments.files.wordpress.com/2024/03/20240304_1334303169567885842065802.jpg?w=1024,https://halifaxdevelopments.ca/2024/03/05/nrth-condos-15/,Halifax Regional Municiaplity development blog,,
130,NRTH Condos,"5511 Bilby Street, Halifax",Urban Capital,$18 M,8,71,Mixed-Use,https://halifaxdevelopments.files.wordpress.com/2024/02/20240227_1307128126108008521530832.jpg?w=1024,https://halifaxdevelopments.ca/2024/02/28/nrth-condos-14/,Halifax Regional Municiaplity development blog,,
131,NRTH Condos,"5511 Bilby Street, Halifax",Urban Capital,$18 M,8,71,Mixed-Use,https://halifaxdevelopments.files.wordpress.com/2024/02/20240219_14453123767637412216876.jpg?w=1024,https://halifaxdevelopments.ca/2024/02/20/nrth-condos-13/,Halifax Regional Municiaplity development blog,,
132,NRTH Condos,"5511 Bilby Street, Halifax",Urban Capital,$18 M,8,71,Mixed-Use,https://halifaxdevelopments.files.wordpress.com/2024/02/20240208_1318472720828269983230118.jpg?w=1024,https://halifaxdevelopments.ca/2024/02/09/nrth-condos-12/,Halifax Regional Municiaplity development blog,,
133,NRTH Condos,"5511 Bilby Street, Halifax",Urban Capital,$18 M,8,71,Mixed-Use,https://halifaxdevelopments.files.wordpress.com/2024/02/20240201_1309588242235751133866416.jpg?w=1024,https://halifaxdevelopments.ca/2024/02/02/nrth-condos-11/,Halifax Regional Municiaplity development blog,,
134,NRTH Condos,"5511 Bilby Street, Halifax",Urban Capital,$18 M,8,71,Mixed-Use,https://halifaxdevelopments.files.wordpress.com/2024/01/20240123_1208588185813378545701931.jpg?w=1024,https://halifaxdevelopments.ca/2024/01/26/nrth-condos-10/,Halifax Regional Municiaplity development blog,,
135,NRTH Condos,"5511 Bilby Street, Halifax",Urban Capital,$18 M,8,72,Mixed Use,https://halifaxdevelopments.files.wordpress.com/2024/01/20240115_1254359157141273221338137.jpg?w=1024,https://halifaxdevelopments.ca/2024/01/17/nrth-condos-9/,Halifax Regional Municiaplity development blog,,
136,NRTH Condos,"5511 Bilby Street, Halifax",Urban Capital,-1,8,-1,Mixed Use,https://halifaxdevelopments.files.wordpress.com/2024/01/20240107_1419357405321697025570608.jpg?w=1024,https://halifaxdevelopments.ca/2024/01/08/nrth-condos-8/,Halifax Regional Municiaplity development blog,,
137,NRTH Condos,"5511 Bilby Street, Halifax",Urban Capital,-1,8,-1,Mixed Use,https://halifaxdevelopments.files.wordpress.com/2023/12/20231215_1258093605918145242753854.jpg?w=1024,https://halifaxdevelopments.ca/2023/12/15/nrth-condos-7/,Halifax Regional Municiaplity development blog,,
138,NRTH Condos,5411 Bilby,Urban Capital,-1,8,-1,Mixed Use,https://halifaxdevelopments.files.wordpress.com/2023/12/20231206_132712.jpg?w=1024,https://halifaxdevelopments.ca/2023/12/07/nrth-condos-6/,Halifax Regional Municiaplity development blog,,
139,NSCC Waterfront Residence,-1,-1,-1,-1,-1,-1,https://halifaxdevelopments.files.wordpress.com/2024/01/20240124_1335462194026368212683301.jpg?w=1024,https://halifaxdevelopments.ca/2024/01/26/nscc-waterfront-residence/,Halifax Regional Municiaplity development blog,,
140,NSCC Student Residences,-1,-1,5 Floors – Student Housing – NSCC Waterfront Campus,5,-1,-1,https://halifaxdevelopments.files.wordpress.com/2023/12/20231126_140232.jpg?w=1024,https://halifaxdevelopments.ca/2023/12/06/nscc-waterfront-campus-residences/,Halifax Regional Municiaplity development blog,,
141,Ocean Vista,"2215 Gottingen Street, Halifax",RoMa Developments,$31M,20,142,Mixed Use,https://halifaxdevelopments.files.wordpress.com/2024/03/20240313_1335364813517323695487776.jpg?w=1024,https://halifaxdevelopments.ca/2024/03/14/ocean-vista-12/,Halifax Regional Municiaplity development blog,,
142,Ocean Vista,"2215 Gottingen Street, Halifax",RoMa Developments,$31M,20,142,Mixed Use,https://halifaxdevelopments.files.wordpress.com/2024/03/20240306_1258596369318691752954387.jpg?w=1024,https://halifaxdevelopments.ca/2024/03/08/ocean-vista-11/,Halifax Regional Municiaplity development blog,,
143,Ocean Vista,"2215 Gottingen Street, Halifax",RoMa Developments,$31M,20,142,Mixed Use,https://halifaxdevelopments.files.wordpress.com/2024/02/20240226_1344047479830631822928023.jpg?w=1024,https://halifaxdevelopments.ca/2024/02/27/ocean-vista-10/,Halifax Regional Municiaplity development blog,,
144,Ocean Vista,"2215 Gottingen Street, Halifax",RoMa Developments,$31M,20,142,Mixed Use,https://halifaxdevelopments.files.wordpress.com/2024/02/20240223_133137848581297984553967.jpg?w=1024,https://halifaxdevelopments.ca/2024/02/24/ocean-vista-9/,Halifax Regional Municiaplity development blog,,
145,Ocean Vista,"2215 Gottingen Street, Halifax",RoMa Developments,$31M,20,142,Mixed Use,https://halifaxdevelopments.files.wordpress.com/2024/02/20240215_1322575834274375715227799.jpg?w=1024,https://halifaxdevelopments.ca/2024/02/16/ocean-vista-8/,Halifax Regional Municiaplity development blog,,
146,Ocean Vista,"2215 Gottingen Street, Halifax",RoMa Developments,$31M,20,142,Mixed Use,https://halifaxdevelopments.files.wordpress.com/2024/02/20240209_1300096614106281083940315.jpg?w=1024,https://halifaxdevelopments.ca/2024/02/10/ocean-vista-7/,Halifax Regional Municiaplity development blog,,
147,Ocean Vista,"2215 Gottingen Street, Halifax",RoMa Developments,$31M,20,142,Mixed Use,https://halifaxdevelopments.files.wordpress.com/2024/01/20240117_1333502949319957872387692.jpg?w=1024,https://halifaxdevelopments.ca/2024/01/19/ocean-vista-6/,Halifax Regional Municiaplity development blog,,
148,Ocean Vista,"2215 Gottingen Street, Halifax",RoMa Developments,-1,20,-1,Mixed Use,https://halifaxdevelopments.files.wordpress.com/2024/01/20240109_1250182282457639432596699.jpg?w=1024,https://halifaxdevelopments.ca/2024/01/10/ocean-vista-5/,Halifax Regional Municiaplity development blog,,
149,Ocean Vista,"2215 Gottingen Street, Halifax",RoMa Developments,-1,20,-1,Mixed Use,https://halifaxdevelopments.files.wordpress.com/2024/01/20240103_1327206895438660840044611.jpg?w=1024,https://halifaxdevelopments.ca/2024/01/05/ocean-vista-4/,Halifax Regional Municiaplity development blog,,
150,Ocean Vista,"2215 Gottingen Street, Halifax",E.C. Gottingen Investments,$31M,20,142,Mixed Use,https://halifaxdevelopments.files.wordpress.com/2023/12/20231220_1301335483876073893598432.jpg?w=1024,https://halifaxdevelopments.ca/2023/12/20/ocean-vista-3/,Halifax Regional Municiaplity development blog,,
151,The Olympic,"1140 Barrington Street, Halifax",George’s Investments,$9.4 M,8,7,Mixed-Use,https://halifaxdevelopments.files.wordpress.com/2024/02/20240218_1610284343635499761517918.jpg?w=1024,https://halifaxdevelopments.ca/2024/02/20/the-olympic-3/,Halifax Regional Municiaplity development blog,,
152,The Olympic,"1140 Barrington Street, Halifax",George’s Investments,-1,8,47,Mixed Use,https://halifaxdevelopments.files.wordpress.com/2024/01/20240108_1317597322944218063595078.jpg?w=1024,https://halifaxdevelopments.ca/2024/01/09/the-olympic-2/,Halifax Regional Municiaplity development blog,,
153,THE OLYMPIC,"1140 Barrington Street, Halifax",George’s Investments Ltd,-1,8,47,Residential with GF Commercial,https://halifaxdevelopments.files.wordpress.com/2023/11/20231126_133047.jpg?w=1024,https://halifaxdevelopments.ca/2023/11/27/the-olympic/,Halifax Regional Municiaplity development blog,,
154,One 77,"7177 Quinpool Road, Halifax",Page Property Ltd,-1,32,77,Mixed Use,https://halifaxdevelopments.files.wordpress.com/2024/01/20240108_13395342485539806142254.jpg?w=1024,https://halifaxdevelopments.ca/2024/01/09/one-77-2/,Halifax Regional Municiaplity development blog,,
155,One 77,"7177 Quinpool Road, Halifax",One77 Developments,-1,32,77,Residential,https://halifaxdevelopments.files.wordpress.com/2023/12/20231202_123250.jpg?w=1024,https://halifaxdevelopments.ca/2023/12/03/one-77/,Halifax Regional Municiaplity development blog,,
156,7177 Quinpool,-1,-1,-1,-1,-1,-1,-1,-1,Halifax Regional Municiaplity development blog,,
157,7177 Quinpool,-1,-1,-1,-1,-1,-1,-1,-1,Halifax Regional Municiaplity development blog,,
158,7177 Quinpool,-1,-1,-1,-1,-1,-1,-1,-1,Halifax Regional Municiaplity development blog,,
159,7177 Quinpool,-1,-1,-1,-1,-1,-1,-1,-1,Halifax Regional Municiaplity development blog,,
160,7177 Quinpool,-1,-1,-1,-1,-1,-1,-1,-1,Halifax Regional Municiaplity development blog,,
161,7177 Quinpool,7177 Quinpool,-1,-1,32,77,Residential,-1,-1,Halifax Regional Municiaplity development blog,,
162,Parish Square,"3840 Joseph Howe Drive, Halifax",Hage Enterprises,$22 M,7,110,1,https://halifaxdevelopments.files.wordpress.com/2024/01/20240128_1407232066269632560015841.jpg?w=1024,https://halifaxdevelopments.ca/2024/01/29/parish-square-2/,Halifax Regional Municiaplity development blog,,
163,Parish Square,"3840 Joseph Howe Drive, Halifax",Hage Enterprises,-1,7,110,0,https://halifaxdevelopments.files.wordpress.com/2023/12/20231216_1420062155078325444542238.jpg?w=1024,https://halifaxdevelopments.ca/2023/12/18/parish-square/,Halifax Regional Municiaplity development blog,,
164,-1,3840 Joseph Howe,-1,-1,-1,-1,-1,-1,-1,Halifax Regional Municiaplity development blog,,
165,Parkland at the Commons,"6015 Quinpool Road, Halifax",Shannex Developments,$38.3 M,26,226,Mixed-Use,https://halifaxdevelopments.files.wordpress.com/2024/03/20240317_1523181150712722285356158.jpg?w=1024,https://halifaxdevelopments.ca/2024/03/19/parkland-at-the-commons-6/,Halifax Regional Municiaplity development blog,,
166,Parkland at the Common,"6015 Quinpool Road, Halifax",Shannex Developments,$38.3 M,26,226,Mixed-Use,https://halifaxdevelopments.files.wordpress.com/2024/02/20240207_1334112458781382635903923.jpg?w=1024,https://halifaxdevelopments.ca/2024/02/07/parkland-at-the-common/,Halifax Regional Municiaplity development blog,,
167,Parkland at the Commons,"6009 Quinpool Road, Halifax",Shannex Developments,-1,25,Assisted Care,-1,https://halifaxdevelopments.files.wordpress.com/2023/12/20231230_1455073960167241242935337.jpg?w=1024,https://halifaxdevelopments.ca/2023/12/31/parkland-at-the-commons-4/,Halifax Regional Municiaplity development blog,,
168,Parkland at the Commons,6009 Quinpool Road,Shannex Developments Ltd,-1,25,-1,-1,https://halifaxdevelopments.files.wordpress.com/2023/12/20231202_120447.jpg?w=1024,https://halifaxdevelopments.ca/2023/12/02/parkland-at-the-commons-3/,Halifax Regional Municiaplity development blog,,
169,Port West,"3644 Dutch Village Road, Halifax",United Gulf,$12.4 M,8,74,Mixed-Use,https://halifaxdevelopments.files.wordpress.com/2024/01/20240128_1430219083114538454603999.jpg?w=1024,https://halifaxdevelopments.ca/2024/01/30/port-west-2/,Halifax Regional Municiaplity development blog,,
170,Port West,"3644 Dutch Village Road, Halifax",United Gulf,-1,8,74,Mixed Use,https://halifaxdevelopments.files.wordpress.com/2024/01/20231231_1543363963048239053365021.jpg?w=1024,https://halifaxdevelopments.ca/2024/01/02/port-west/,Halifax Regional Municiaplity development blog,,
171,Press Block,"1730 Granville Street, Halifax",Dexel Developments,$22.8 M,9,,Mixed-Use,https://halifaxdevelopments.files.wordpress.com/2024/03/20240317_1447247884702387738144592.jpg?w=1024,https://halifaxdevelopments.ca/2024/03/18/press-block-2/,Halifax Regional Municiaplity development blog,,133
172,Press Block,-1,Dexel Developments,-1,9,,Mixed Use,https://halifaxdevelopments.files.wordpress.com/2023/12/20231216_1311413605173940735235253.jpg?w=1024,https://halifaxdevelopments.ca/2023/12/16/press-block/,Halifax Regional Municiaplity development blog,,-1
173,RALSTON BUILDING,1557 Hollis Street,-1,,21,462,Mixed Use,https://halifaxdevelopments.files.wordpress.com/2023/11/20231126_141933.jpg?w=1024,https://halifaxdevelopments.ca/2023/11/29/ralston-building/,Halifax Regional Municiaplity development blog,$99M,
174,Richmond Suites West,"Richmond Street, Dartmouth",-1,-1,6,-1,0,https://halifaxdevelopments.files.wordpress.com/2024/01/20240118_135910464643524968485787.jpg?w=1024,https://halifaxdevelopments.ca/2024/01/20/richmond-suites-west/,Halifax Regional Municiaplity development blog,,
175,Richmond East (117 Richmond),-1,-1,-1,-1,-1,-1,-1,-1,Halifax Regional Municiaplity development blog,,
176,Richmond Yards,"6070 Almon Street, Halifax",Westwood Group,$41.4 M,30,257,Mixed-Use,https://halifaxdevelopments.files.wordpress.com/2024/03/20240314_1323385819646235333089992.jpg?w=1024,https://halifaxdevelopments.ca/2024/03/15/richmond-yards-48/,Halifax Regional Municiaplity development blog,,
177,Richmond Yards,"6070 Almon Street, Halifax",Westwood Group,$41.4 M,30,257,Mixed-Use,https://halifaxdevelopments.files.wordpress.com/2024/02/20240222_1300078381177498713134562.jpg?w=1024,https://halifaxdevelopments.ca/2024/02/23/richmond-yards-47/,Halifax Regional Municiaplity development blog,,
178,Richmond Yards,"6070 Almon Street, Halifax",Westwood Group,-1,-1,-1,Mixed-Use,https://halifaxdevelopments.files.wordpress.com/2024/02/20240212_1316391670768271554002993.jpg?w=1024,https://halifaxdevelopments.ca/2024/02/14/richmond-yards-46/,Halifax Regional Municiaplity development blog,,
179,Richmond Yards,"6070 Almon Street, Halifax",Westwood Group,$41.4 M,30,257,Mixed-Use,https://halifaxdevelopments.files.wordpress.com/2024/01/20240121_1441098143572641202932305.jpg?w=1024,https://halifaxdevelopments.ca/2024/01/24/richmond-yards-45/,Halifax Regional Municiaplity development blog,,
180,Richmond Yards,-1,-1,-1,-1,-1,Mixed Use,https://halifaxdevelopments.files.wordpress.com/2024/01/20240111_1333136536881688374099873.jpg?w=1024,https://halifaxdevelopments.ca/2024/01/13/richmond-yards-44/,Halifax Regional Municiaplity development blog,,
181,Richmond Yards,"6070 Almon Street, Halifax",Westwood Group,-1,32,-1,Mixed Use,https://halifaxdevelopments.files.wordpress.com/2024/01/20240104_1331566969655632573605263.jpg?w=1024,https://halifaxdevelopments.ca/2024/01/06/richmond-yards-43/,Halifax Regional Municiaplity development blog,,
182,Richmond Yards,"6070 Almon Street, Halifax",Westwood Group,-1,32,8 Buidings,Mixed Use,https://halifaxdevelopments.files.wordpress.com/2023/12/20231228_1333245747391318291607328.jpg?w=1024,https://halifaxdevelopments.ca/2023/12/30/richmond-yards-42/,Halifax Regional Municiaplity development blog,,
183,Dec 24/23 Permits,-1,-1,-1,-1,-1,-1,https://halifaxdevelopments.files.wordpress.com/2023/12/10000022654295595692624035487.jpg?w=1024,https://halifaxdevelopments.ca/2023/12/24/dec-24-23-permits/,Halifax Regional Municiaplity development blog,,
184,Richmond Yards,-1,-1,-1,-1,-1,Mixed Use,https://halifaxdevelopments.files.wordpress.com/2023/12/20231209_135215.jpg?w=1024,https://halifaxdevelopments.ca/2023/12/11/6530/,Halifax Regional Municiaplity development blog,,
185,-1,-1,-1,-1,-1,-1,-1,-1,-1,Halifax Regional Municiaplity development blog,,
186,Robie & May,"2705 Robie Street, Halifax",Phoenix Development,$?,8,,Mixed-Use,https://halifaxdevelopments.files.wordpress.com/2024/03/20240304_1349132153486056171086420.jpg?w=1024,https://halifaxdevelopments.ca/2024/03/06/robie-may-3/,Halifax Regional Municiaplity development blog,,88
187,Robie May,"2705 Robie Street, Halifax",Phoenix Development,$?,8,,Mixed-Use,https://halifaxdevelopments.files.wordpress.com/2024/01/20240130_13490645185628603303465.jpg?w=1024,https://halifaxdevelopments.ca/2024/01/31/robie-may-2/,Halifax Regional Municiaplity development blog,,88
188,Robie & May,"2705 Robie Street, Halifax",Phoenix Development,-1,-1,,-1,https://halifaxdevelopments.files.wordpress.com/2024/01/20240121_1436047915154033353260378.jpg?w=1024,https://halifaxdevelopments.ca/2024/01/24/robie-may/,Halifax Regional Municiaplity development blog,,-1
189,Rockingham Station,"205 Bedford Highway, Halifax",Rockingham Station Ltd,-1,8,55,Mixed Use,https://halifaxdevelopments.files.wordpress.com/2023/11/20231125_155601.jpg?w=1024,https://halifaxdevelopments.ca/2023/11/25/rockingham-station/,Halifax Regional Municiaplity development blog,,
190,The Rooks of West Bedford,"16 Rooksview Lane, Bedford",Unknown,$46.4 M,15,290,1,https://halifaxdevelopments.files.wordpress.com/2024/03/20240303_1432481864381102160440994.jpg?w=1024,https://halifaxdevelopments.ca/2024/03/04/the-rooks-of-west-bedford-4/,Halifax Regional Municiaplity development blog,,
191,The Rooks of West Bedford,"16 Rooksview Lane, Bedford",Unknown,$46.4 M,15,290,-1,https://halifaxdevelopments.files.wordpress.com/2024/02/20240211_1353338687298691294616983.jpg?w=1024,https://halifaxdevelopments.ca/2024/02/12/the-rooks-of-west-bedford-3/,Halifax Regional Municiaplity development blog,,
192,The Rooks of West Bedford,"Rooksview Lane, Bedford",-1,-1,14,-1,-1,https://halifaxdevelopments.files.wordpress.com/2023/12/20231225_1259372691453423709611985.jpg?w=1024,https://halifaxdevelopments.ca/2023/12/27/the-rooks-of-west-bedford-2/,Halifax Regional Municiaplity development blog,,
193,The Rooks of West Bedford,"Rooksview Lane, Bedford",-1,-1,15,-1,-1,https://halifaxdevelopments.files.wordpress.com/2023/12/20231217_130648542243888457063391.jpg?w=1024,https://halifaxdevelopments.ca/2023/12/19/the-rooks-of-west-bedford/,Halifax Regional Municiaplity development blog,,
194,SKYE HALIFAX,Hollis & Sackville,United Gulf Developments,,21,-1,Mixed Use,https://halifaxdevelopments.files.wordpress.com/2023/11/20231126_141738.jpg?w=1024,https://halifaxdevelopments.ca/2023/11/28/skye-halifax/,Halifax Regional Municiaplity development blog,-1,
195,Brunswick Supportive Housing,"2445 Brunswick Street, Halifax",Soicety of Saint Vincent de Paul,$11M,4,38,Residential,https://halifaxdevelopments.files.wordpress.com/2024/02/20240226_1328392776080866654497889.jpg?w=1024,https://halifaxdevelopments.ca/2024/02/27/brunswick-supportive-housing/,Halifax Regional Municiaplity development blog,,
196,Brunswick Support Housing,-1,Society of Saint Vincent de Paul,-1,4,38,Supportive Housing,https://halifaxdevelopments.files.wordpress.com/2023/12/20231210_131723.jpg?w=1024,https://halifaxdevelopments.ca/2023/12/12/brunswick-support-housing/,Halifax Regional Municiaplity development blog,,
197,South Village,"South Street, Halifax",Templeton Properties,-1,9,-1,-1,https://halifaxdevelopments.files.wordpress.com/2023/12/20231231_1421155243778377501005839.jpg?w=1024,https://halifaxdevelopments.ca/2024/01/02/south-village-3/,Halifax Regional Municiaplity development blog,,
198,The Vuze,-1,-1,-1,-1,-1,-1,-1,-1,Halifax Regional Municiaplity development blog,,
199,South Village,-1,-1,-1,-1,-1,-1,-1,-1,Halifax Regional Municiaplity development blog,,
200,South Village,-1,-1,-1,-1,-1,-1,-1,-1,Halifax Regional Municiaplity development blog,,
201,South Village,-1,Templeton Properties,-1,-1,-1,-1,-1,-1,Halifax Regional Municiaplity development blog,,
202,-1,-1,-1,-1,-1,-1,-1,-1,-1,Halifax Regional Municiaplity development blog,,
203,South Village,-1,Templeton Properties,-1,-1,-1,-1,-1,-1,Halifax Regional Municiaplity development blog,,
204,The Story of Home,"210-214 Willett Street, Halifax",My Story Living,$61.6 M,17,530 Units Total,Mixed-Use,https://halifaxdevelopments.files.wordpress.com/2024/02/20240218_1521041473885490514560478.jpg?w=1024,https://halifaxdevelopments.ca/2024/02/19/the-story-of-home/,Halifax Regional Municiaplity development blog,,
205,Story of Home,"210-217 Willett Street, Halifax",Hazelview Developments,-1,17,527 Units,Mixed Use,https://halifaxdevelopments.files.wordpress.com/2023/12/20231202_125415.jpg?w=1024,https://halifaxdevelopments.ca/2023/12/03/story-of-home/,Halifax Regional Municiaplity development blog,,
206,The Winslow,"6211 Willow Street, Halifax",Flex Build,$15.1 M,7,84,Residential,https://halifaxdevelopments.files.wordpress.com/2024/03/20240314_1314258463988215073710582.jpg?w=1024,https://halifaxdevelopments.ca/2024/03/16/the-winslow/,Halifax Regional Municiaplity development blog,,
207,Windsor & Willow,"6211 Willow Street, Halifax",Unknown,$15.1 M,7,84,Residential,https://halifaxdevelopments.files.wordpress.com/2024/02/20240225_1434168393375750525366008.jpg?w=1024,https://halifaxdevelopments.ca/2024/02/26/windsor-willow-2/,Halifax Regional Municiaplity development blog,,
208,Windsor & Willow,"2570 Windsor Street, Halifax",Whimsical Lake Developments Ltd,-1,8,84,Residential,https://halifaxdevelopments.files.wordpress.com/2023/12/20231230_1435452795155891238540349.jpg?w=1024,https://halifaxdevelopments.ca/2023/12/31/windsor-willow/,Halifax Regional Municiaplity development blog,,
209,Windsor & Willow Apartments,-1,-1,-1,-1,-1,-1,-1,-1,Halifax Regional Municiaplity development blog,,
210,The Woods,"430 Pockwock Road, Upper Hammonds Plains",Welcome Home Construction,,3,160,Mixed-Use,https://halifaxdevelopments.files.wordpress.com/2024/01/20240120_1429438322724061656926500.jpg?w=1024,https://halifaxdevelopments.ca/2024/01/22/the-woods/,Halifax Regional Municiaplity development blog,$35.0 M,
211,Wyse Tower,"5 Williams Street, Dartmouth",Boston Developments,$28.8M,27,162,Residential,https://halifaxdevelopments.files.wordpress.com/2024/03/20240314_1426003832395082634169891.jpg?w=1024,https://halifaxdevelopments.ca/2024/03/16/wyse-tower-7/,Halifax Regional Municiaplity development blog,,
212,Wyse Tower,"5 Williams Street, Dartmouth",Boston Developments,$28.8M,27,162,Residential,https://halifaxdevelopments.files.wordpress.com/2024/03/20240308_1429555810964244976677973.jpg?w=1024,https://halifaxdevelopments.ca/2024/03/09/wyse-tower-6/,Halifax Regional Municiaplity development blog,,
213,Wyse Tower,"5 Williams Street, Dartmouth",Boston Developments,$28.8M,27,162,Residential,https://halifaxdevelopments.files.wordpress.com/2024/02/20240229_141302247989274919891921.jpg?w=1024,https://halifaxdevelopments.ca/2024/03/01/wyse-tower-5/,Halifax Regional Municiaplity development blog,,
214,Wyse Tower,"5 Williams Street, Dartmouth",Boston Developments,$28.8M,27,162,Residential,https://halifaxdevelopments.files.wordpress.com/2024/02/20240216_1420076152925231213992969.jpg?w=1024,https://halifaxdevelopments.ca/2024/02/17/wyse-tower-4/,Halifax Regional Municiaplity development blog,,
215,Wyse Tower,"1 Williams Street, Dartmouth",Boston Developments,-1,27,Residential,-1,https://halifaxdevelopments.files.wordpress.com/2024/01/20240111_1414216288408336103960577.jpg?w=1024,https://halifaxdevelopments.ca/2024/01/12/wyse-tower-3/,Halifax Regional Municiaplity development blog,,
216,Wyse Tower,"1 Williams Street, Dartmouth",Boston Developments,-1,27,160,Residential,https://halifaxdevelopments.files.wordpress.com/2024/01/20240103_1420507122297654889591318.jpg?w=1024,https://halifaxdevelopments.ca/2024/01/04/wyse-tower-2/,Halifax Regional Municiaplity development blog,,
217,Wyse Tower,"5 Williams Street, Dartmouth",Boston Developments,-1,27,160,Mixed Use,https://halifaxdevelopments.files.wordpress.com/2023/12/20231211_141307.jpg?w=1024,https://halifaxdevelopments.ca/2023/12/14/wyse-tower/,Halifax Regional Municiaplity development blog,,
218,Wyse Tower,1 Williams,Boston Developments,-1,26,160,Residential,-1,-1,Halifax Regional Municiaplity development blog,,
219,2730 Agricola,lots between The Wynwood and Bloomfield School,-1,-1,5,44,-1,https://halifaxdevelopments.files.wordpress.com/2024/01/20240115_1304481396101566682097295.jpg?w=1024,https://halifaxdevelopments.ca/2024/01/18/2730-agricola/,Halifax Regional Municiaplity development blog,,
220,Dec 31/23 Permits,-1,-1,-1,-1,-1,-1,https://halifaxdevelopments.files.wordpress.com/2023/12/20231231_1441013840722544762598587.jpg?w=1024,https://halifaxdevelopments.ca/2023/12/31/dec-31-23-permits/,Halifax Regional Municiaplity development blog,,
221,1190 Barrington,-1,-1,$21M,8,73,Residential with GF Commercial,https://halifaxdevelopments.files.wordpress.com/2023/11/20231126_132446.jpg?w=1024,https://halifaxdevelopments.ca/2023/11/27/1190-barrington/,Halifax Regional Municiaplity development blog,,
222,1190 Barrington,-1,-1,-1,8,-1,-1,https://halifaxdevelopments.files.wordpress.com/2024/02/20240218_1608564208081387084839425.jpg?w=1024,https://halifaxdevelopments.ca/2024/02/19/1190-barrington-2/,Halifax Regional Municiaplity development blog,,
223,1190 Barrington,-1,-1,-1,-1,-1,-1,https://halifaxdevelopments.files.wordpress.com/2024/02/20240224_1516517516213165681998744.jpg?w=1024,https://halifaxdevelopments.ca/2024/02/25/1190-barrington-3/,Halifax Regional Municiaplity development blog,,
224,1190 Barrington,-1,-1,-1,8,-1,-1,-1,-1,Halifax Regional Municiaplity development blog,,
225,2254 Barrington,"2254 Barrington Street, Halifax",-1,$36.0M,7,,0,https://halifaxdevelopments.files.wordpress.com/2024/02/20240226_1337014798269527528869997.jpg?w=1024,https://halifaxdevelopments.ca/2024/02/28/2254-barrington/,Halifax Regional Municiaplity development blog,,117
226,352 Beaver Bank Road,"352 Beaver Bank Road, Beaver Bank",Unknown,$10.2M,4,74,Residential,https://halifaxdevelopments.files.wordpress.com/2024/03/20240309_1612316344241128066178219.jpg?w=1024,https://halifaxdevelopments.ca/2024/03/11/352-beaver-bank-road/,Halifax Regional Municiaplity development blog,,
227,22 Brule Street,"22 Brule Street, Dartmouth",Unknown,$3.25 M,4,38,Residential,https://halifaxdevelopments.files.wordpress.com/2024/02/20240222_134431262985471309475011.jpg?w=1024,https://halifaxdevelopments.ca/2024/02/25/22-brule-street-2/,Halifax Regional Municiaplity development blog,,
228,22 Brule Street,"22 Brule Street, Dartmouth",Unknown,$3.2M,4,38,Residential,https://halifaxdevelopments.files.wordpress.com/2024/01/20240115_1354415059551715936560327.jpg?w=1024,https://halifaxdevelopments.ca/2024/01/18/22-brule-street/,Halifax Regional Municiaplity development blog,,
229,95 Caledonia,"95 Caledonia Road, Dartmouth",-1,$11.5 M,5,64,Mixed-Use,https://halifaxdevelopments.files.wordpress.com/2024/02/20240228_1413077833685972488710364.jpg?w=1024,https://halifaxdevelopments.ca/2024/02/29/95-caledonia-3/,Halifax Regional Municiaplity development blog,,
230,95 Caledonia,"95 Caledonia Road, Dartmouth",-1,$11.5 M,5,64,Mixed-Use,https://halifaxdevelopments.files.wordpress.com/2024/02/20240202_1404267569056159685806326.jpg?w=1024,https://halifaxdevelopments.ca/2024/02/03/95-caledonia-2/,Halifax Regional Municiaplity development blog,,
231,95 Caledonia Road,"95 Caledonia Road, Dartmouth",-1,-1,5,-1,Mixed Use,https://halifaxdevelopments.files.wordpress.com/2023/12/20231223_154234351959388677227311.jpg?w=1024,https://halifaxdevelopments.ca/2023/12/26/95-caledonia-road/,Halifax Regional Municiaplity development blog,,
232,95 Caledonia,-1,-1,-1,-1,-1,-1,-1,-1,Halifax Regional Municiaplity development blog,,
233,5515 Cogswell,"5515 Cogswell Street, Halifax",Principal Developments,,10,174,Mixed Use,https://halifaxdevelopments.files.wordpress.com/2024/03/20240313_1345277041576833718379347.jpg?w=1024,https://halifaxdevelopments.ca/2024/03/15/5515-cogswell-17/,Halifax Regional Municiaplity development blog,? $,
234,5515 Cogswell,"5515 Cogswell Street, Halifax",Principal Developments,,10,174,Mixed Use,https://halifaxdevelopments.files.wordpress.com/2024/03/20240306_130943268162430112441600.jpg?w=1024,https://halifaxdevelopments.ca/2024/03/07/5515-cogswell-16/,Halifax Regional Municiaplity development blog,? $,
235,5515 Cogswell,"5515 Cogswell Street, Halifax",Principal Developments,,10,174,Mixed Use,https://halifaxdevelopments.files.wordpress.com/2024/02/20240223_1341242852834127994072600.jpg?w=1024,https://halifaxdevelopments.ca/2024/02/25/5515-cogswell-15/,Halifax Regional Municiaplity development blog,? $,
236,5515 Cogswell,"5515 Cogswell Street, Halifax",Principal Developments,,10,174,Mixed Use,https://halifaxdevelopments.files.wordpress.com/2024/02/20240209_1312578788916617865712677.jpg?w=1024,https://halifaxdevelopments.ca/2024/02/10/5515-cogswell-14/,Halifax Regional Municiaplity development blog,? $,
237,5515 Cogswell,"5515 Cogswell Street, Halifax",Principal Developments,,10,174,Mixed Use,https://halifaxdevelopments.files.wordpress.com/2024/01/20240122_1322287408399987936925134.jpg?w=1024,https://halifaxdevelopments.ca/2024/01/25/5515-cogswell-13/,Halifax Regional Municiaplity development blog,? $,
238,5515 Cogwsell,"5515 Cogswell Street, Halifax",Principal Developments,,10,-1,Mixed Use,https://halifaxdevelopments.files.wordpress.com/2024/01/20240114_1456018615592074901141369.jpg?w=1024,https://halifaxdevelopments.ca/2024/01/15/5515-cogwsell/,Halifax Regional Municiaplity development blog,-1,
239,5515 Cogswell,"5515 Cogswell Street, Halifax",Principal Developments,,10,174,Mixed Use,https://halifaxdevelopments.files.wordpress.com/2024/01/20240109_1301036321549155803925781.jpg?w=1024,https://halifaxdevelopments.ca/2024/01/10/5515-cogswell-12/,Halifax Regional Municiaplity development blog,-1,
240,5515 Cogswell,5415 Cogswell @ Gottingen,Principal Developments,,10,174,Mixed Use,https://halifaxdevelopments.files.wordpress.com/2023/12/20231210_133644.jpg?w=1024,https://halifaxdevelopments.ca/2023/12/13/5515-cogswell-11/,Halifax Regional Municiaplity development blog,-1,
241,25 Crystal,"25 Crystal Drive, Dartmouth",Unknown,$9.5M,5,50,Mixed-Use,https://halifaxdevelopments.files.wordpress.com/2024/03/20240314_1433243389831984212830766.jpg?w=1024,https://halifaxdevelopments.ca/2024/03/16/25-crystal-2/,Halifax Regional Municiaplity development blog,,
242,25 Crystal,"25 Crystal Drive, Dartmouth",Unknown,$9.5M,5,50,Mixed-Use,https://halifaxdevelopments.files.wordpress.com/2024/03/20240306_1346472756892399877385164.jpg?w=1024,https://halifaxdevelopments.ca/2024/03/07/25-crystal/,Halifax Regional Municiaplity development blog,,
243,25 Crystal Drive,Crystal Drive and Leaman Drive,Unknown,Unknown,5,48,Mixed-Use,https://halifaxdevelopments.files.wordpress.com/2024/01/20240109_1348344679495716460898761.jpg?w=1024,https://halifaxdevelopments.ca/2024/01/11/25-crystal-drive/,Halifax Regional Municiaplity development blog,,
244,15 Farringdon Way,"15 Farringdon Way, Bedford",Unknown,$8.8 M,4,40,Residential,https://halifaxdevelopments.files.wordpress.com/2024/02/20240211_1355591045624750209568207.jpg?w=1024,https://halifaxdevelopments.ca/2024/02/13/15-farringdon-way-2/,Halifax Regional Municiaplity development blog,,
245,15 Farringdon Way,"15 Farringdon Way, Bedford",Unknown,$8.8 M,4,40,Residential,https://halifaxdevelopments.files.wordpress.com/2024/01/20240120_1545512040127337559902179.jpg?w=1024,https://halifaxdevelopments.ca/2024/01/23/15-farringdon-way/,Halifax Regional Municiaplity development blog,,
246,2188 Gottingen,2188 Gottingen,-1,Unknown,9,142 units,-1,https://halifaxdevelopments.files.wordpress.com/2024/01/20240114_1449256811279203383103458.jpg?w=1024,https://halifaxdevelopments.ca/2024/01/16/2188-gottingen/,Halifax Regional Municiaplity development blog,,
247,2318 Gottingen,Vacant lot next to Kit Kat Pizza,-1,-1,6,-1,Mixed Use,https://halifaxdevelopments.files.wordpress.com/2024/01/20240122_130727111782839529548685.jpg?w=1024,https://halifaxdevelopments.ca/2024/01/25/2318-gottingen/,Halifax Regional Municiaplity development blog,,
248,-1,5213 Green Street,-1,Permit submitted back in 2023 for a six-storey residential building.,6,-1,-1,https://halifaxdevelopments.files.wordpress.com/2024/01/20240113_1559392255203470188714720.jpg?w=1024,https://halifaxdevelopments.ca/2024/01/15/5213-green-street/,Halifax Regional Municiaplity development blog,,
249,214 Herring Cove Road,"214 Herring Cove Road, Halifax",Unknown,$4.2 M,4,38,Mixed-Use,https://halifaxdevelopments.files.wordpress.com/2024/02/20240224_1544527612817320978215870.jpg?w=1024,https://halifaxdevelopments.ca/2024/02/26/214-herring-cove-road-2/,Halifax Regional Municiaplity development blog,,
250,214 Herring Cove Road,214 Herring Cove Road,Unknown,-1,-1,-1,-1,-1,-1,Halifax Regional Municiaplity development blog,,
251,513 Herring Cove Road,"513 Herring Cove Road, Halifax",Black Bay Group Inc,$5.0 M,4,62,Residential,https://halifaxdevelopments.files.wordpress.com/2024/01/20240128_1532306341852448269035902.jpg?w=1024,https://halifaxdevelopments.ca/2024/01/30/513-herring-cove-road/,Halifax Regional Municiaplity development blog,,
252,2811 Isleville,"2811 Isleville Street, Halifax",Unknown,$20 M,11,70,Hotel + Comm,https://halifaxdevelopments.files.wordpress.com/2024/03/20240312_1259269053972843114300789.jpg?w=1024,https://halifaxdevelopments.ca/2024/03/13/2811-isleville-9/,Halifax Regional Municiaplity development blog,,
253,2811 Isleville,"2811 Isleville Street, Halifax",Unknown,$20 M,11,70,Hotel + Comm,https://halifaxdevelopments.files.wordpress.com/2024/03/20240304_1343187998613997254357442.jpg?w=1024,https://halifaxdevelopments.ca/2024/03/05/2811-isleville-8/,Halifax Regional Municiaplity development blog,,
254,2811 Isleville,"2811 Isleville Street, Halifax",Unknown,$20 M,11,70,Hotel + Comm,https://halifaxdevelopments.files.wordpress.com/2024/02/20240228_1305118600899477155061482.jpg?w=1024,https://halifaxdevelopments.ca/2024/02/29/2811-isleville-7/,Halifax Regional Municiaplity development blog,,
255,2811 Isleville,"2811 Isleville Street, Halifax",Unknown,$20 M,11,70,Hotel + Comm,https://halifaxdevelopments.files.wordpress.com/2024/02/20240222_125553762022253393086918.jpg?w=1024,https://halifaxdevelopments.ca/2024/02/23/2811-isleville-6/,Halifax Regional Municiaplity development blog,,
256,2811 Isleville,"2811 Isleville Street, Halifax",Unknown,$20 M,11,70,Hotel + Comm,https://halifaxdevelopments.files.wordpress.com/2024/02/20240212_1251293684119607325947056.jpg?w=1024,https://halifaxdevelopments.ca/2024/02/14/2811-isleville-5/,Halifax Regional Municiaplity development blog,,
257,2811 Isleville,"2811 Isleville Street, Halifax",Unknown,$20 M,11,70,Hotel + Comm,https://halifaxdevelopments.files.wordpress.com/2024/02/20240208_1325354165042818224564377.jpg?w=1024,https://halifaxdevelopments.ca/2024/02/08/2811-isleville-4/,Halifax Regional Municiaplity development blog,,
258,2811 Isleville,"2811 Isleville Street, Halifax",Unknown,$20 M,11,70,Hotel + Comm,https://halifaxdevelopments.files.wordpress.com/2024/01/20240130_134245249552444047866479.jpg?w=1024,https://halifaxdevelopments.ca/2024/01/31/2811-isleville-3/,Halifax Regional Municiaplity development blog,,
259,2811 Isleville,"2811 Isleville Street, Halifax",Unknown,$20 M,11,70,Hotel + Comm,https://halifaxdevelopments.files.wordpress.com/2024/01/20240119_1339036924755590550365522.jpg?w=1024,https://halifaxdevelopments.ca/2024/01/21/2811-isleville-2/,Halifax Regional Municiaplity development blog,,
260,2811 Isleville,"2811 Isleville Street, Halifax",Unknown,$20 M,11,70,Hotel + Comm,https://halifaxdevelopments.files.wordpress.com/2024/01/20240104_1324234239566470767692105.jpg?w=1024,https://halifaxdevelopments.ca/2024/01/05/2811-isleville/,Halifax Regional Municiaplity development blog,,
261,2811 Isleville,"2811 Isleville Street, Halifax",Unknown,-1,11,-1,Mixed Use,https://halifaxdevelopments.files.wordpress.com/2023/12/20231223_1324393736035743304227602.jpg?w=1024,https://halifaxdevelopments.ca/2023/12/24/2821-isleville-3/,Halifax Regional Municiaplity development blog,,
262,10 Kearney Lake,"10 Kearney Lake Road, Halifax",-1,$17.8M,4,99,Mixed Use,https://halifaxdevelopments.files.wordpress.com/2023/12/20231226_1328526958061910006472119.jpg?w=1024,https://halifaxdevelopments.ca/2023/12/28/10-kearney-lake/,Halifax Regional Municiaplity development blog,,
263,285 Larry Uteck,"285 Larry Uteck Boulevard, Halifax",-1,$29.0 M,12,133,1,https://halifaxdevelopments.files.wordpress.com/2024/01/20240120_1613037650701878923946240.jpg?w=1024,https://halifaxdevelopments.ca/2024/01/23/285-larry-uteck/,Halifax Regional Municiaplity development blog,,
264,30 Memory Lane,Lower Sackville,-1,,-1,44,-1,https://halifaxdevelopments.files.wordpress.com/2024/02/20240211_1535354110754725754907240.jpg?w=1024,https://halifaxdevelopments.ca/2024/02/15/30-memory-lane/,Halifax Regional Municiaplity development blog,-1,
265,6427 North,"6427 North Street, Halifax",-1,$17.5M,7,73,1,https://halifaxdevelopments.files.wordpress.com/2024/03/20240312_1347527363394828027228101.jpg?w=1024,https://halifaxdevelopments.ca/2024/03/14/6427-north/,Halifax Regional Municiaplity development blog,,
266,Shannex at Opalridge,"131 Opalridge Drive, Dartmouth",Shannex Developments,$12.8 M,6,176,1,https://halifaxdevelopments.files.wordpress.com/2024/03/20240301_1353035805062013724619778.jpg?w=1024,https://halifaxdevelopments.ca/2024/03/02/shannex-at-opalridge-2/,Halifax Regional Municiaplity development blog,,
267,Shannex at Opalridge,"131 Opalridge Drive, Dartmouth",Shannex Developments,$12.8 M,6,176,-1,https://halifaxdevelopments.files.wordpress.com/2024/01/20240124_1352231212945480268045036.jpg?w=1024,https://halifaxdevelopments.ca/2024/01/27/shannex-at-opalridge/,Halifax Regional Municiaplity development blog,,
268,189 Opalridge Drive,"189 Opalridge Drive, Dartmouth",Shannex Developments,-1,6,-1,-1,https://halifaxdevelopments.files.wordpress.com/2024/01/20240105_1435365215894790397934.jpg?w=1024,https://halifaxdevelopments.ca/2024/01/07/opal-ridge-2/,Halifax Regional Municiaplity development blog,,
269,3036 Oxford,"3036 Oxford Street, Halifax",Unknown,$10 M,7,68,Residential,https://halifaxdevelopments.files.wordpress.com/2024/01/20240131_1144361552465441696373815.jpg?w=1024,https://halifaxdevelopments.ca/2024/02/01/3036-oxford/,Halifax Regional Municiaplity development blog,,
270,Dec 03/23 Permits,-1,-1,-1,-1,-1,-1,https://halifaxdevelopments.files.wordpress.com/2023/12/20231126_135404.jpg?w=1024,https://halifaxdevelopments.ca/2023/12/03/dec-03-23-permits/,Halifax Regional Municiaplity development blog,,
271,-1,-1,-1,-1,-1,,-1,https://halifaxdevelopments.files.wordpress.com/2023/12/20231213_095743.jpg?w=1024,https://halifaxdevelopments.ca/2023/12/10/dec-10-23-permits/,Halifax Regional Municiaplity development blog,,-1
272,171 Pleasant Street,"171 Pleasant Street, Dartmouth",J2K Properties,$22.5M,9,137,-1,https://halifaxdevelopments.files.wordpress.com/2023/12/20231223_1441535828672638929783302.jpg?w=1024,https://halifaxdevelopments.ca/2023/12/25/171-pleasant-street/,Halifax Regional Municiaplity development blog,,
273,171 Pleasant,-1,Primo Properties Ltd,$22.5M,8,137,-1,https://halifaxdevelopments.files.wordpress.com/2023/12/20231208_120449.jpg?w=1024,https://halifaxdevelopments.ca/2023/12/09/171-pleasant/,Halifax Regional Municiaplity development blog,,
274,171 Pleasant Street,171 Pleasant Street,-1,-1,9,137,-1,-1,-1,Halifax Regional Municiaplity development blog,,
275,15 Prince Albert Road,"Next to St. James Church, Portland Street frontage",-1,-1,-1,-1,-1,https://halifaxdevelopments.files.wordpress.com/2024/01/20240124_14152254229499622702388.jpg?w=1024,https://halifaxdevelopments.ca/2024/01/28/15-prince-albert-road/,Halifax Regional Municiaplity development blog,,
276,307 Prince Albert,"5 Glenwood Avenue, Dartmouth",Unknown,$ ?,17,99,Mixed-Use,https://halifaxdevelopments.files.wordpress.com/2024/02/20240217_1558327360202043128038816.jpg?w=1024,https://halifaxdevelopments.ca/2024/02/18/307-prince-albert/,Halifax Regional Municiaplity development blog,,
277,307 Prince Albert Road,-1,Monaco Investments Ltd,-1,16,99,Mixed Use,https://halifaxdevelopments.files.wordpress.com/2024/01/20240106_1619091392119614808417339.jpg?w=1024,https://halifaxdevelopments.ca/2024/01/08/307-prince-albert-road-4/,Halifax Regional Municiaplity development blog,,
278,NEW PROPOSAL for 307 Prince Albert Road in the Lake Banook area of Dartmouth. This is a revised proposal following a taller version’s defeat a couple of years ago at community council. Rendering courtesy of Paul Skerry Associates Architects.,-1,-1,-1,-1,-1,-1,-1,-1,Halifax Regional Municiaplity development blog,,
279,-1,-1,-1,-1,-1,-1,-1,-1,-1,Halifax Regional Municiaplity development blog,,
280,Dec 24/23 Permits,-1,-1,-1,-1,-1,-1,https://halifaxdevelopments.files.wordpress.com/2023/12/10000022654295595692624035487.jpg?w=1024,https://halifaxdevelopments.ca/2023/12/24/dec-24-23-permits/,Halifax Regional Municiaplity development blog,,
281,6230 Quinpool,"6230 Quinpool Road, Halifax",-1,-1,6,,-1,https://halifaxdevelopments.files.wordpress.com/2024/02/20240210_1625185336416485745062840.jpg?w=1024,https://halifaxdevelopments.ca/2024/02/12/6230-quinpool/,Halifax Regional Municiaplity development blog,,21
282,Dec 24/23 Permits,N/A,-1,-1,-1,,-1,https://halifaxdevelopments.files.wordpress.com/2023/12/10000022654295595692624035487.jpg?w=1024,https://halifaxdevelopments.ca/2023/12/24/dec-24-23-permits/,Halifax Regional Municiaplity development blog,,-1
283,6324 Quinpool,-1,Dexel Developments,-1,-1,-1,-1,https://halifaxdevelopments.files.wordpress.com/2024/02/20240210_16180830813247793381646.jpg?w=1024,https://halifaxdevelopments.ca/2024/02/11/6324-quinpool/,Halifax Regional Municiaplity development blog,,
284,2032 Robie & 2033 Parker,"2032 Robie Street & 2033 Parker Street, Halifax",Westwood Group,,22 & 5,101 & 36,Mixed Use,https://halifaxdevelopments.files.wordpress.com/2023/12/20231230_1448494282378810885797969.jpg?w=1024,https://halifaxdevelopments.ca/2024/01/01/2032-robie-2033-parker/,Halifax Regional Municiaplity development blog,-1,
285,2688 Robie,"2688 Robie Street, Halifax",-1,-1,10,60,-1,https://halifaxdevelopments.files.wordpress.com/2024/01/20240115_1309052879885014793716653.jpg?w=1024,https://halifaxdevelopments.ca/2024/01/19/2688-robie/,Halifax Regional Municiaplity development blog,,
286,-1,221 Sackville Drive,-1,-1,-1,-1,-1,https://halifaxdevelopments.files.wordpress.com/2024/02/20240211_1530302325080802032143927.jpg?w=1024,https://halifaxdevelopments.ca/2024/02/14/221-sackville-drive/,Halifax Regional Municiaplity development blog,,
287,361 Sackville Drive,"361 Sackville Drive, Lower Sackville",Unknown,-1,5,65,Residential,https://halifaxdevelopments.files.wordpress.com/2024/03/20240303_170134215144814561371573.jpg?w=1024,https://halifaxdevelopments.ca/2024/03/04/361-sackville-drive/,Halifax Regional Municiaplity development blog,,
288,1108-1132 Sackville Drive,"1108-1132 Sackville Drive, Middle Sackville",Marchand Homes,$25.2 M,4,100,-1,https://halifaxdevelopments.files.wordpress.com/2024/02/20240211_1423263991095366794339894.jpg?w=1024,https://halifaxdevelopments.ca/2024/02/13/1108-1132-sackville-drive/,Halifax Regional Municiaplity development blog,,
289,219 Seton Road,"219 Seton Road, Halifax",Shannex Developments,$16.9 M,6,144,Care Use,https://halifaxdevelopments.files.wordpress.com/2024/01/20240120_1625584206875214463420320.jpg?w=1024,https://halifaxdevelopments.ca/2024/01/23/219-seton-road/,Halifax Regional Municiaplity development blog,,
290,71 Terrastone,"71 Terrastone Ridge, Dartmouth",Unknown,$24.2 M,6,73,Residential,https://halifaxdevelopments.files.wordpress.com/2024/02/20240228_1427104048783481618878748.jpg?w=1024,https://halifaxdevelopments.ca/2024/02/29/71-terrastone/,Halifax Regional Municiaplity development blog,,
291,71 Terrastone Ridge,"71 Terrastone Ridge, Dartmouth",The Parks of Lake Charles,$24.2 M,6,73,Residential,https://halifaxdevelopments.files.wordpress.com/2024/02/20240202_1415284410259852467076670.jpg?w=1024,https://halifaxdevelopments.ca/2024/02/04/71-terrastone-ridge/,Halifax Regional Municiaplity development blog,,
292,The Parks of Lake Charles,-1,-1,-1,-1,-1,-1,https://halifaxdevelopments.files.wordpress.com/2023/12/20231212_142211.jpg?w=1024,https://halifaxdevelopments.ca/2023/12/15/the-parks-of-lake-charles/,Halifax Regional Municiaplity development blog,,
293,Lancaster Villas,-1,-1,,8,-1,-1,https://halifaxdevelopments.files.wordpress.com/2023/12/20231206_140924.jpg?w=1024,https://halifaxdevelopments.ca/2023/12/07/lancaster-villas/,Halifax Regional Municiaplity development blog,-1,
294,8 Walker Avenue,"8 Walker Avenue, Lower Sackville",-1,$24.4M,4,136,Mixed Use,https://halifaxdevelopments.files.wordpress.com/2023/12/20231220_1445446217937624771989618.jpg?w=1024,https://halifaxdevelopments.ca/2023/12/22/8-walker-avenue/,Halifax Regional Municiaplity development blog,,
295,5688 West,"5688 West Street, Halifax",Unknown,$3.0M,5,16,Residential,https://halifaxdevelopments.files.wordpress.com/2024/03/20240310_1521093695612906515984158.jpg?w=1024,https://halifaxdevelopments.ca/2024/03/11/5688-west/,Halifax Regional Municiaplity development blog,,
296,5688 West Street,Unknown,Unknown,-1,5,16,Unknown,https://halifaxdevelopments.files.wordpress.com/2024/01/20240114_1514343589922064787471926.jpg?w=1024,https://halifaxdevelopments.ca/2024/01/17/5688-west-street/,Halifax Regional Municiaplity development blog,,
297,247 Windmill Road,247 Windmill Road,-1,$17.2M,12,103,-1,https://halifaxdevelopments.files.wordpress.com/2023/11/20231130_074716.jpg?w=1024,https://halifaxdevelopments.ca/2023/12/01/247-windmill-road/,Halifax Regional Municiaplity development blog,,
298,294 Windmill Road,"294 Windmill Road, Dartmouth",Unknown Development-Only,? Value,7,76,-1,https://halifaxdevelopments.files.wordpress.com/2024/03/20240311_1440293715922636910047068.jpg?w=1024,https://halifaxdevelopments.ca/2024/03/12/294-windmill-road/,Halifax Regional Municiaplity development blog,,
299,352 Windmill,"352 Windmill Road, Dartmouth",Cemex Holdings Ltd,$12.6 M,9,63,1,https://halifaxdevelopments.files.wordpress.com/2024/01/20240130_142725487825159254439724.jpg?w=1024,https://halifaxdevelopments.ca/2024/02/02/352-windmill/,Halifax Regional Municiaplity development blog,,
300,3521 Windsor,"3521 Windsor Street, Halifax",Unknown,$21.0M,7,117,Residential,https://halifaxdevelopments.files.wordpress.com/2024/03/20240317_1620426744656775029522903.jpg?w=1024,https://halifaxdevelopments.ca/2024/03/19/3521-windsor-3/,Halifax Regional Municiaplity development blog,,
301,3521 Windsor,-1,-1,-1,-1,-1,-1,https://halifaxdevelopments.files.wordpress.com/2024/02/20240131_1350121270768720087632347.jpg?w=1024,https://halifaxdevelopments.ca/2024/02/01/3521-windsor-2/,Halifax Regional Municiaplity development blog,,
302,3521 Windsor,"3521 Windsor Street, Halifax",-1,$21M,7,117,-1,https://halifaxdevelopments.files.wordpress.com/2023/12/20231226_160628667780048150730117.jpg?w=1024,https://halifaxdevelopments.ca/2023/12/27/3521-windsor/,Halifax Regional Municiaplity development blog,,
303,Dec 10 / 23 Permits,-1,-1,-1,-1,-1,-1,https://halifaxdevelopments.files.wordpress.com/2023/12/20231213_095743.jpg?w=1024,https://halifaxdevelopments.ca/2023/12/10/dec-10-23-permits/,Halifax Regional Municiaplity development blog,,
304,169 Wyse,"30 Pelzant Street, Dartmouth",Zagrab Developments And Richmond Yards and 2811 Isleville,$21.4 M,9,97,Mixed-Use,https://halifaxdevelopments.files.wordpress.com/2024/03/20240306_1340504240621761783263207.jpg?w=1024,https://halifaxdevelopments.ca/2024/03/07/169-wyse-2/,Halifax Regional Municiaplity development blog,,
305,169 Wyse,"30 Pelzant Street, Dartmouth",Zagrab Developments,$21.4 M,9,97,Mixed-Use,https://halifaxdevelopments.files.wordpress.com/2024/02/20240220_1421168778505759450591175.jpg?w=1024,https://halifaxdevelopments.ca/2024/02/22/169-wyse/,Halifax Regional Municiaplity development blog,,
306,169 Wyse Road,"30 Pelzant Street, Dartmouth",Zagrab Developments,$21.4 M,9,97,Mixed-Use,https://halifaxdevelopments.files.wordpress.com/2024/02/20240207_1426135694203178539377268.jpg?w=1024,https://halifaxdevelopments.ca/2024/02/08/169-wyse-road-3/,Halifax Regional Municiaplity development blog,,
307,169 Wyse Road,"30 Pelzant Street, Dartmouth",Zagrab Developments,$21.4 M,9,97,Mixed-Use,https://halifaxdevelopments.files.wordpress.com/2024/01/20240127_1605068427370004996120603.jpg?w=1024,https://halifaxdevelopments.ca/2024/01/28/169-wyse-road-2/,Halifax Regional Municiaplity development blog,,
308,169 Wyse Road,"30 Pelzant Street, Dartmouth",Zagrab Nova Developments,$21.4M,8,99,Mixed Use,https://halifaxdevelopments.files.wordpress.com/2023/12/20231218_1415071068007124072235102.jpg?w=1024,-1,Halifax Regional Municiaplity development blog,,
309,169 Wyse Road,-1,-1,-1,9,99,Commercial,-1,-1,Halifax Regional Municiaplity development blog,,
310,169 Wyse Road,-1,Zagrab Nova Developments,-1,10,-1,Residential,-1,https://halifaxdevelopments.ca/2023/12/19/169-wyse-road/,Halifax Regional Municiaplity development blog,,
311,New Proposal!,169 Wyse (corner of Pelzant),WSP Group,-1,10,-1,Mixed-Use,-1,-1,Halifax Regional Municiaplity development blog,,
312,215 Wyse,"215 Wyse Road, Dartmouth",Unknown,$27.4M,9,,Mixed-Use,https://halifaxdevelopments.files.wordpress.com/2024/03/20240312_1358127763869861791165951.jpg?w=1024,https://halifaxdevelopments.ca/2024/03/13/215-wyse-2/,Halifax Regional Municiaplity development blog,,96
313,215 Wyse,"215 Wyse Road, Dartmouth",Unknown,$27.4M,9,,Mixed-Use,https://halifaxdevelopments.files.wordpress.com/2024/03/20240305_1342301958227128917552612.jpg?w=1024,https://halifaxdevelopments.ca/2024/03/06/215-wyse/,Halifax Regional Municiaplity development blog,,96
314,215 Wyse Road,"215 Wyse Road, Dartmouth",Unknown,-1,9,,Mixed Use,https://halifaxdevelopments.files.wordpress.com/2024/01/20240102_1418492688857388871132978.jpg?w=1024,https://halifaxdevelopments.ca/2024/01/03/215-wyse-road/,Halifax Regional Municiaplity development blog,,203
315,Dec 17 / 23 Permits,-1,-1,-1,-1,,-1,https://halifaxdevelopments.files.wordpress.com/2023/12/20231217_130823309728207014457356.jpg?w=1024,https://halifaxdevelopments.ca/2023/12/17/dec-17-23-permits/,Halifax Regional Municiaplity development blog,,-1
316,The Links at Brunello,Marketway Lane behind Sobeys,-1,-1,-1,574,-1,https://halifaxdevelopments.files.wordpress.com/2023/11/20231126_150411.jpg?w=1024,https://halifaxdevelopments.ca/2023/11/30/the-links-at-brunello/,Halifax Regional Municiaplity development blog,,
317,Brunello Estates,-1,-1,-1,-1,-1,-1,-1,-1,Halifax Regional Municiaplity development blog,,
318,Cogswell District,-1,-1,-1,-1,-1,-1,https://halifaxdevelopments.files.wordpress.com/2023/12/20231220_1327594278399658128444147.jpg?w=1024,https://halifaxdevelopments.ca/2023/12/21/cogswell-district-4/,Halifax Regional Municiaplity development blog,,
319,Cogswell District,-1,-1,-1,-1,-1,-1,https://halifaxdevelopments.files.wordpress.com/2023/12/20231216_1316446573458138056199625.jpg?w=1024,https://halifaxdevelopments.ca/2023/12/17/cogswell-district-3/,Halifax Regional Municiaplity development blog,,
320,-1,-1,-1,-1,-1,-1,-1,-1,-1,Halifax Regional Municiaplity development blog,,
321,-1,-1,-1,-1,-1,-1,-1,-1,-1,Halifax Regional Municiaplity development blog,,
322,-1,-1,-1,-1,-1,-1,-1,-1,-1,Halifax Regional Municiaplity development blog,,
323,-1,-1,-1,-1,-1,-1,-1,-1,-1,Halifax Regional Municiaplity development blog,,
324,-1,-1,-1,-1,-1,-1,-1,-1,-1,Halifax Regional Municiaplity development blog,,
325,Mount Hope Village,-1,-1,-1,-1,-1,-1,https://halifaxdevelopments.files.wordpress.com/2023/12/20231208_122935.jpg?w=1024,https://halifaxdevelopments.ca/2023/12/09/mount-hope-village/,Halifax Regional Municiaplity development blog,,
326,Shannex at Opalridge,"131 Opalridge Drive, Dartmouth",Shannex Developments,$12.8 M,6,176,1,https://halifaxdevelopments.files.wordpress.com/2024/03/20240301_1353035805062013724619778.jpg?w=1024,https://halifaxdevelopments.ca/2024/03/02/shannex-at-opalridge-2/,Halifax Regional Municiaplity development blog,,
327,Shannex at Opalridge,"131 Opalridge Drive, Dartmouth",Shannex Developments,$12.8 M,6,176,1,https://halifaxdevelopments.files.wordpress.com/2024/01/20240124_1352231212945480268045036.jpg?w=1024,https://halifaxdevelopments.ca/2024/01/27/shannex-at-opalridge/,Halifax Regional Municiaplity development blog,,
328,189 Opalridge Drive,"189 Opalridge Drive, Dartmouth",Shannex Developments,-1,6,-1,-1,https://halifaxdevelopments.files.wordpress.com/2024/01/20240105_1435365215894790397934.jpg?w=1024,https://halifaxdevelopments.ca/2024/01/07/opal-ridge-2/,Halifax Regional Municiaplity development blog,,
329,Opal Ridge,-1,-1,-1,-1,-1,-1,-1,-1,Halifax Regional Municiaplity development blog,,
330,-1,-1,-1,,-1,-1,-1,-1,-1,Halifax Regional Municiaplity development blog,-1,
331,Nov 26/23 Permits,-1,-1,,-1,-1,-1,https://halifaxdevelopments.files.wordpress.com/2023/11/20231126_140942.jpg?w=1024,https://halifaxdevelopments.ca/2023/11/26/nov-26-23-development-permits/,Halifax Regional Municiaplity development blog,-1,
332,15 Farringdon Way,"15 Farringdon Way, Bedford",Unknown,$8.8 M,4,40,-1,https://halifaxdevelopments.files.wordpress.com/2024/01/20240120_1545512040127337559902179.jpg?w=1024,https://halifaxdevelopments.ca/2024/01/23/15-farringdon-way/,Halifax Regional Municiaplity development blog,,
333,The Rooks of West Bedford,"Rooksview Lane, Bedford",-1,-1,14,-1,0,https://halifaxdevelopments.files.wordpress.com/2023/12/20231225_1259372691453423709611985.jpg?w=1024,https://halifaxdevelopments.ca/2023/12/27/the-rooks-of-west-bedford-2/,Halifax Regional Municiaplity development blog,,
334,The Rooks Of West Bedford,"Rooksview Lane, Bedford",-1,-1,15,-1,0,https://halifaxdevelopments.files.wordpress.com/2023/12/20231217_130648542243888457063391.jpg?w=1024,https://halifaxdevelopments.ca/2023/12/19/the-rooks-of-west-bedford/,Halifax Regional Municiaplity development blog,,
335,Dec 17 / 23 Permits,-1,-1,-1,-1,-1,-1,https://halifaxdevelopments.files.wordpress.com/2023/12/20231217_130823309728207014457356.jpg?w=1024,https://halifaxdevelopments.ca/2023/12/17/dec-17-23-permits/,Halifax Regional Municiaplity development blog,,
