id,listing_name,building_name,apartment_number,address,add_lat,add_long,property_management_name,monthly_rent,property_type,bedroom_count,bathroom_count,utility_water,utility_heat,utility_electricity,utility_laundry,utility_wifi,included_appliances,parking_availability,parking_rates,parking_slots,parking_distance,parking_restrictions,parking_availability_status,parking_address,pet_friendly,smoking_allowed,apartment_size,apartment_size_unit,is_furnished,lease_duration,availability_status,dist_hospital,dist_school,dist_restaurant,dist_downtown,dist_busstop,dist_larry_uteck_area,dist_central_halifax,dist_clayton_park,dist_rockingham,source,website,image,description,property_image,load_datetime
1,"587 King Street - 1-bedroom, loft style","587 King Street - 1-bedroom, loft style",-1,587 King Street,32.7926183,-79.9412392,Blackbay Group Inc.,1600,,1,-1,-1,-1,-1,3,-1,"['OTR Microwave', 'Washer/Dryer', 'Dishwasher', 'Heat Pump/AC', 'Fridge', 'Stove']",0,95,13,935,-1,-1,5846 South Street,-1,-1,-1,-1,-1,-1,-1,0.3238646992463652,0.2988643217452529,0.3459207187756959,1200.0599805101658,0.4172982371604386,1198.0166605964812,1198.6263544110886,1197.9913781033445,1198.5937789482894,https://blackbaygroup.ca/residential/587-king-street/,https://blackbaygroup.ca/residential/,https://example.com/uploads/2023/02/587-king-street.jpg,"1-bedroom loft style apartment starting at $1600 in a secure building with granite countertops. Centrally located near King St shops, Bridgewater Mall, and other amenities.",https://example.com/uploads/2023/02/587-king-street.jpg,2024-03-24 17:21:20.581100
2,"587 King Street - 1-bedroom, one level","587 King Street - 1-bedroom, one level",-1,587 King Street,32.7926183,-79.9412392,Blackbay Group Inc.,1450,,1,-1,-1,-1,-1,3,-1,"['OTR Microwave', 'Washer/Dryer', 'Dishwasher', 'Heat Pump/AC', 'Fridge', 'Stove']",0,95,13,935,-1,-1,5846 South Street,-1,-1,-1,-1,-1,-1,-1,0.3238646992463652,0.2988643217452529,0.3459207187756959,1200.0599805101658,0.4172982371604386,1198.0166605964812,1198.6263544110886,1197.9913781033445,1198.5937789482894,https://blackbaygroup.ca/residential/587-king-street/,https://blackbaygroup.ca/residential/,https://example.com/uploads/2023/02/587-king-street.jpg,"1-bedroom apartment on one level starting at $1450. Secure building with in-suite laundry, granite countertops, and close to various amenities.",https://example.com/uploads/2023/02/587-king-street.jpg,2024-03-24 17:21:20.612574
3,"587 King Street - 1-bedroom, separate entrance, accessible","587 King Street - 1-bedroom, separate entrance, accessible",-1,587 King Street,32.7926183,-79.9412392,Blackbay Group Inc.,2200,,1,-1,-1,-1,-1,3,-1,"['OTR Microwave', 'Washer/Dryer', 'Dishwasher', 'Heat Pump/AC', 'Fridge', 'Stove']",0,95,13,935,-1,-1,5846 South Street,-1,-1,-1,-1,-1,-1,-1,0.3238646992463652,0.2988643217452529,0.3459207187756959,1200.0599805101658,0.4172982371604386,1198.0166605964812,1198.6263544110886,1197.9913781033445,1198.5937789482894,https://blackbaygroup.ca/residential/587-king-street/,https://blackbaygroup.ca/residential/,https://example.com/uploads/2023/02/587-king-street.jpg,"Accessible 1-bedroom apartment with separate entrance starting at $2200. Features in-suite laundry, granite countertops, and located centrally near various amenities.",https://example.com/uploads/2023/02/587-king-street.jpg,2024-03-24 17:21:20.613738
4,Contemporary Suites at Nafthal Drive,Contemporary Suites at Nafthal Drive,-1,"4 Nafthal Drive, Bridgewater, NS",44.3841228,-64.51258829999999,Blackbay Group Inc.,1350,,1,-1,1,-1,-1,3,-1,"['Refrigerator', 'Stove', 'Dishwasher', 'Washer', 'Dryer', 'Microwave']",1,-1,-1,-1,-1,-1,-1,-1,-1,-1,-1,-1,-1,-1,0.0780542280645696,0.7078917831241407,0.1464205001495415,49.59019788788279,0.2484837502184603,46.1876662837664,47.82961572189123,46.85311915515376,47.28231603879045,https://blackbaygroup.ca/residential/4-nafthal-drive/,https://blackbaygroup.ca/residential/,https://example.com/uploads/2023/02/nafthal-drive.jpg,"Brand new contemporary one bedroom suite with luxurious features like ductless heat pump, granite countertops, in-suite laundry, and more. Located in the heart of Bridgewater with access to amenities and secure building with intercom access.",https://example.com/uploads/2023/02/nafthal-drive.jpg,2024-03-24 17:21:20.614806
5,Contemporary Suites at Nafthal Drive,Contemporary Suites at Nafthal Drive,-1,"4 Nafthal Drive, Bridgewater, NS",44.3841228,-64.51258829999999,Blackbay Group Inc.,1595,,2,-1,1,-1,-1,3,-1,"['Refrigerator', 'Stove', 'Dishwasher', 'Washer', 'Dryer', 'Microwave']",1,-1,-1,-1,-1,-1,-1,-1,-1,-1,-1,-1,-1,-1,0.0780542280645696,0.7078917831241407,0.1464205001495415,49.59019788788279,0.2484837502184603,46.1876662837664,47.82961572189123,46.85311915515376,47.28231603879045,https://blackbaygroup.ca/residential/4-nafthal-drive/,https://blackbaygroup.ca/residential/,https://example.com/uploads/2023/02/nafthal-drive.jpg,"Brand new contemporary two bedroom suite with luxurious features like ductless heat pump, granite countertops, in-suite laundry, and more. Located in the heart of Bridgewater with access to amenities and secure building with intercom access.",https://example.com/uploads/2023/02/nafthal-drive.jpg,2024-03-24 17:21:20.615851
6,Agricola Street Apartments - 1 Bedroom,Agricola Street Apartments - 1 Bedroom,-1,2391-2397 Agricola Street,44.6529711,-63.5898338,Blackbay Group Inc.,1650,,1,-1,-1,-1,-1,3,-1,"['Laundry', 'Kitchen Island', '6 Appliances (Stainless Steel)', 'Dishwasher', 'Courtyard Garden', 'Granite Countertops', 'Hardwood Flooring', 'Outdoor Space', 'Individual Entrances', 'Lots of character', 'Balcony']",2,-1,-1,-1,-1,-1,-1,-1,-1,-1,-1,-1,-1,-1,0.4503018170775298,0.2822586398251438,0.4344342626124355,0.7722960517219173,0.4344342626124355,5.760108288872501,1.420187100043973,2.823960577922658,3.05964178865037,https://blackbaygroup.ca/residential/2391-2397-agricola-street/,https://blackbaygroup.ca/residential/,https://example.com/uploads/agricola-street-1-bedroom.jpg,"1-bedroom apartment on vibrant Agricola Street, close to the Commons and downtown. Features granite countertops, stainless steel appliances, private entrance with natural light.",https://example.com/uploads/agricola-street-1-bedroom.jpg,2024-03-24 17:21:20.616647
7,Agricola Street Apartments - 2 Bedrooms,Agricola Street Apartments - 2 Bedrooms,-1,2391-2397 Agricola Street,44.6529711,-63.5898338,Blackbay Group Inc.,1800,,2,-1,-1,-1,-1,3,-1,"['Laundry', 'Kitchen Island', '6 Appliances (Stainless Steel)', 'Dishwasher', 'Courtyard Garden', 'Granite Countertops', 'Hardwood Flooring', 'Outdoor Space', 'Individual Entrances', 'Lots of character', 'Balcony']",2,-1,-1,-1,-1,-1,-1,-1,-1,-1,-1,-1,-1,-1,0.4503018170775298,0.2822586398251438,0.4344342626124355,0.7722960517219173,0.4344342626124355,5.760108288872501,1.420187100043973,2.823960577922658,3.05964178865037,https://blackbaygroup.ca/residential/2391-2397-agricola-street/,https://blackbaygroup.ca/residential/,https://example.com/uploads/agricola-street-2-bedrooms.jpg,"2-bedroom apartment on vibrant Agricola Street, close to the Commons and downtown. Features granite countertops, stainless steel appliances, private entrance with natural light.",https://example.com/uploads/agricola-street-2-bedrooms.jpg,2024-03-24 17:21:20.617981
8,Agricola Street Apartments - 3 Bedrooms,Agricola Street Apartments - 3 Bedrooms,-1,2391-2397 Agricola Street,44.6529711,-63.5898338,Blackbay Group Inc.,2500,,3,-1,-1,-1,-1,3,-1,"['Laundry', 'Kitchen Island', '6 Appliances (Stainless Steel)', 'Dishwasher', 'Courtyard Garden', 'Granite Countertops', 'Hardwood Flooring', 'Outdoor Space', 'Individual Entrances', 'Lots of character', 'Balcony']",2,-1,-1,-1,-1,-1,-1,-1,-1,-1,-1,-1,-1,-1,0.4503018170775298,0.2822586398251438,0.4344342626124355,0.7722960517219173,0.4344342626124355,5.760108288872501,1.420187100043973,2.823960577922658,3.05964178865037,https://blackbaygroup.ca/residential/2391-2397-agricola-street/,https://blackbaygroup.ca/residential/,https://example.com/uploads/agricola-street-3-bedrooms.jpg,"3-bedroom apartment on vibrant Agricola Street, close to the Commons and downtown. Features granite countertops, stainless steel appliances, private entrance with natural light.",https://example.com/uploads/agricola-street-3-bedrooms.jpg,2024-03-24 17:21:20.618750
9,Agricola Street Rentals,Agricola Street Rentals,-1,2399 Agricola Street,44.6529566,-63.58981789999999,Blackbay Group Inc.,1550,,1,-1,-1,-1,-1,3,-1,"['Stainless Steel Appliances', 'Dishwasher']",2,-1,-1,-1,-1,-1,-1,-1,-1,-1,-1,-1,-1,-1,0.4513757499203806,0.2814977234892882,0.4335189471595107,0.7710525311748027,0.4335189471595107,5.761314439855014,1.4207802887593772,2.824910938596405,3.0607990765275512,https://blackbaygroup.ca/residential/2399-agricola-street/,https://blackbaygroup.ca/residential/,https://example.com/uploads/2023/02/agricola-street.jpg,"Brand new 1-bedroom suites located on Agricola Street with granite countertops, stainless steel appliances, private entrance, lots of natural light. Building features laundry, kitchen island, dishwasher, hardwood flooring, outdoor space, individual entrances, character. Some with decks.",https://example.com/uploads/2023/02/agricola-street.jpg,2024-03-24 17:21:20.619457
10,Agricola Street Rentals,Agricola Street Rentals,-1,2399 Agricola Street,44.6529566,-63.58981789999999,Blackbay Group Inc.,1800,,2,-1,-1,-1,-1,3,-1,"['Stainless Steel Appliances', 'Dishwasher']",2,-1,-1,-1,-1,-1,-1,-1,-1,-1,-1,-1,-1,-1,0.4513757499203806,0.2814977234892882,0.4335189471595107,0.7710525311748027,0.4335189471595107,5.761314439855014,1.4207802887593772,2.824910938596405,3.0607990765275512,https://blackbaygroup.ca/residential/2399-agricola-street/,https://blackbaygroup.ca/residential/,https://example.com/uploads/2023/02/agricola-street.jpg,"Brand new 2-bedroom suites located on Agricola Street with granite countertops, stainless steel appliances, private entrance, lots of natural light. Building features laundry, kitchen island, dishwasher, hardwood flooring, outdoor space, individual entrances, character. Some with decks.",https://example.com/uploads/2023/02/agricola-street.jpg,2024-03-24 17:21:20.620195
11,Fully Renovated Apartments at 3315 Westerwald Street,Fully Renovated Apartments at 3315 Westerwald Street,-1,3315 Westerwald Street,44.6526335,-63.6310526,Blackbay Group Inc.,1500,,1,-1,-1,-1,-1,3,-1,"['Refrigerator', 'Stove', 'Dishwasher', 'Microwave', 'Washer', 'Dryer']",1,-1,-1,-1,-1,-1,-1,-1,-1,-1,-1,-1,-1,-1,0.2265642699081357,0.231446541369897,0.2592732772541632,2.666125008965997,0.3347919401086004,4.2350785935552935,0.6746480257911457,0.9147137682485365,1.5887785489130684,https://blackbaygroup.ca/residential/3315-westerwald-street/,https://blackbaygroup.ca/residential/,https://example.com/uploads/2023/02/fully-renovated-apartments.jpg,"Fully renovated building with underground parking, centrally located just minutes to Bayers Lake Business Park, Armdale Rotary and the downtown core. This great neighbourhood has lots to offer right at your doorsteps. Building features include laundry, balconies and/or patio, granite countertops throughout, kitchen island, open concept, luxury vinyl tile (LVT), high end finishes, recessed lighting throughout.",https://example.com/uploads/2023/02/fully-renovated-apartments.jpg,2024-03-24 17:21:20.620875
12,Fully Renovated Apartments at 3315 Westerwald Street,Fully Renovated Apartments at 3315 Westerwald Street,-1,3315 Westerwald Street,44.6526335,-63.6310526,Blackbay Group Inc.,1800,,2,-1,-1,-1,-1,3,-1,"['Refrigerator', 'Stove', 'Dishwasher', 'Microwave', 'Washer', 'Dryer']",1,-1,-1,-1,-1,-1,-1,-1,-1,-1,-1,-1,-1,-1,0.2265642699081357,0.231446541369897,0.2592732772541632,2.666125008965997,0.3347919401086004,4.2350785935552935,0.6746480257911457,0.9147137682485365,1.5887785489130684,https://blackbaygroup.ca/residential/3315-westerwald-street/,https://blackbaygroup.ca/residential/,https://example.com/uploads/2023/02/fully-renovated-apartments.jpg,"Fully renovated building with underground parking, centrally located just minutes to Bayers Lake Business Park, Armdale Rotary and the downtown core. This great neighbourhood has lots to offer right at your doorsteps. Building features include laundry, balconies and/or patio, granite countertops throughout, kitchen island, open concept, luxury vinyl tile (LVT), high end finishes, recessed lighting throughout.",https://example.com/uploads/2023/02/fully-renovated-apartments.jpg,2024-03-24 17:21:20.621580
13,Brand New Suites on King Street,Brand New Suites on King Street,-1,"557 King Street, Bridgewater",44.3775269,-64.5189977,Blackbay Group Inc.,-1,,-1,-1,-1,-1,-1,3,-1,"['Refrigerator', 'Stove', 'Dishwasher', 'Microwave', 'Washer', 'Dryer']",2,-1,-1,-1,-1,-1,-1,-1,-1,-1,-1,-1,-1,-1,0.4849507544275706,0.2540756973827373,0.132904264627747,50.05439295820395,0.1677189760030924,46.68399924285402,48.29971491406463,47.33074865716905,47.76465765901755,https://blackbaygroup.ca/residential/557-king-street/,https://blackbaygroup.ca/residential/,https://example.com/uploads/2023/02/557-king-street.jpg,"Brand new suites in the heart of Bridgewater located on highly sought-after King Street. Just a quick walk or bike ride to all amenities and shopping district. This great neighbourhood has lots to offer right at your doorstep with views of the famous river, walking distance to the Bridgewater farmers market, shopping mall, and curling club and many more attractions. Building features include commercial space on the ground level, balconies and/or patio, ductless heat pump (air conditioning), granite countertops throughout, kitchen island, in-suite laundry, 6 appliances (stainless steel), open concept, luxury vinyl tile (LVT), high-end finishes, and recessed lighting throughout.",https://example.com/uploads/2023/02/557-king-street.jpg,2024-03-24 17:21:20.623334
14,Mitchell Street Apartments,Mitchell Street Apartments,-1,"6 Mitchell Street, Dartmouth",44.6741191,-63.58590559999999,Blackbay Group Inc.,1600,,1,-1,1,1,-1,3,-1,"['Stainless Steel Appliances', 'Dishwasher', 'Granite Countertops']",1,-1,-1,-1,-1,-1,-1,-1,-1,-1,-1,-1,-1,-1,1.0103120391324496,0.5298920529303129,0.4662753453871786,1.9961565881295693,0.9955075253632004,5.28412193619963,2.3381102490771712,3.121511182743117,2.9084270014297804,https://blackbaygroup.ca/residential/6-mitchell-street/,https://blackbaygroup.ca/residential/,https://example.com/uploads/2023/02/mitchell-street.jpg,"Brand new units just minutes to the downtown core of Dartmouth. Within walking distance of all your essential needs (shops, grocery stores, etc). Completed with granite countertops, stainless steel appliances, dishwashers and lots of natural light. Heat/Hot Water Included. Parking Available. On Site Laundry.",https://example.com/uploads/2023/02/mitchell-street.jpg,2024-03-24 17:21:20.624122
15,Mitchell Street Apartments,Mitchell Street Apartments,-1,"6 Mitchell Street, Dartmouth",44.6741191,-63.58590559999999,Blackbay Group Inc.,1895,,2,-1,1,1,-1,3,-1,"['Stainless Steel Appliances', 'Dishwasher', 'Granite Countertops']",1,-1,-1,-1,-1,-1,-1,-1,-1,-1,-1,-1,-1,-1,1.0103120391324496,0.5298920529303129,0.4662753453871786,1.9961565881295693,0.9955075253632004,5.28412193619963,2.3381102490771712,3.121511182743117,2.9084270014297804,https://blackbaygroup.ca/residential/6-mitchell-street/,https://blackbaygroup.ca/residential/,https://example.com/uploads/2023/02/mitchell-street.jpg,"Brand new units just minutes to the downtown core of Dartmouth. Within walking distance of all your essential needs (shops, grocery stores, etc). Completed with granite countertops, stainless steel appliances, dishwashers and lots of natural light. Heat/Hot Water Included. Parking Available. On Site Laundry.",https://example.com/uploads/2023/02/mitchell-street.jpg,2024-03-24 17:21:20.624814
16,Bachelor's at 252/254 Victoria Road,Bachelor's at 252/254 Victoria Road,-1,"252/254 Victoria Road, Dartmouth, NS",44.6801685,-63.5845502,Blackbay Group Inc.,1175,,0,-1,-1,-1,-1,3,-1,"['Stainless Steel Appliances', 'Dishwashers', 'Granite Countertops']",1,-1,-1,-1,-1,-1,-1,-1,-1,-1,-1,-1,-1,-1,1.264342771658798,0.1723591813285284,0.7359674120684446,2.396747938452794,0.6089452431572747,5.22796827147698,2.6999026114552,3.334249550683245,3.011092602691173,https://blackbaygroup.ca/residential/252-254-victoria-road/,https://blackbaygroup.ca/residential/,https://example.com/uploads/2023/02/252-254-victoria-road.jpg,"Bachelor's studio at 252/254 Victoria Road, Dartmouth. Brand new units with granite countertops, stainless steel appliances, dishwashers, and lots of natural light. Parking available. Monthly rent starting from $1175. Just minutes to the downtown core.",https://example.com/uploads/2023/02/252-254-victoria-road.jpg,2024-03-24 17:21:20.625445
17,1 Bedroom at 252/254 Victoria Road,1 Bedroom at 252/254 Victoria Road,-1,"252/254 Victoria Road, Dartmouth, NS",44.6801685,-63.5845502,Blackbay Group Inc.,1275,,1,-1,-1,-1,-1,3,-1,"['Stainless Steel Appliances', 'Dishwashers', 'Granite Countertops']",1,-1,-1,-1,-1,-1,-1,-1,-1,-1,-1,-1,-1,-1,1.264342771658798,0.1723591813285284,0.7359674120684446,2.396747938452794,0.6089452431572747,5.22796827147698,2.6999026114552,3.334249550683245,3.011092602691173,https://blackbaygroup.ca/residential/252-254-victoria-road/,https://blackbaygroup.ca/residential/,https://example.com/uploads/2023/02/252-254-victoria-road.jpg,"Cozy 1 bedroom apartment at 252/254 Victoria Road, Dartmouth. Brand new units with granite countertops, stainless steel appliances, dishwashers, and lots of natural light. Parking available. Monthly rent starting from $1275. Just minutes to the downtown core.",https://example.com/uploads/2023/02/252-254-victoria-road.jpg,2024-03-24 17:21:20.626056
18,2 Bedrooms at 252/254 Victoria Road,2 Bedrooms at 252/254 Victoria Road,-1,"252/254 Victoria Road, Dartmouth, NS",44.6801685,-63.5845502,Blackbay Group Inc.,1695,,2,-1,-1,-1,-1,3,-1,"['Stainless Steel Appliances', 'Dishwashers', 'Granite Countertops']",1,-1,-1,-1,-1,-1,-1,-1,-1,-1,-1,-1,-1,-1,1.264342771658798,0.1723591813285284,0.7359674120684446,2.396747938452794,0.6089452431572747,5.22796827147698,2.6999026114552,3.334249550683245,3.011092602691173,https://blackbaygroup.ca/residential/252-254-victoria-road/,https://blackbaygroup.ca/residential/,https://example.com/uploads/2023/02/252-254-victoria-road.jpg,"Spacious 2 bedroom apartment at 252/254 Victoria Road, Dartmouth. Brand new units with granite countertops, stainless steel appliances, dishwashers, and lots of natural light. Parking available. Monthly rent starting from $1695. Just minutes to the downtown core.",https://example.com/uploads/2023/02/252-254-victoria-road.jpg,2024-03-24 17:21:20.626676
19,Fully Renovated Apartments at 56 Evans Avenue,Fully Renovated Apartments at 56 Evans Avenue,-1,56 Evans Avenue,43.6206662,-79.50301200000001,Blackbay Group Inc.,1550,,2,-1,1,0,0,1,-1,"['Stainless steel appliances', 'Dishwasher', 'Granite countertops']",1,-1,-1,-1,-1,-1,-1,-1,-1,-1,-1,-1,-1,-1,0.1733596294776833,0.1552398086572931,0.4576471051144019,793.7796653108327,0.2685815436083046,788.3619685423059,791.7880180002356,790.4013734806567,790.4592636625364,https://blackbaygroup.ca/residential/56-evans-avenue/,https://blackbaygroup.ca/residential/,https://example.com/uploads/2023/02/56-evans-avenue.jpg,"Fully renovated building, centrally located just minutes to Bayers Lake Business Park, Armdale Rotary and the downtown core! These units feature granite countertops, new flooring, stainless steel appliances and lots of natural light. Included is water, hot water and parking. Tenant is responsible for heat and power. All new energy efficient appliances and new windows. Call today for your own private viewing!",https://example.com/uploads/2023/02/56-evans-avenue.jpg,2024-03-24 17:21:20.627315
20,The Gables,The Gables,-1,"144 Victoria Road, Bridgewater, NS",44.378372,-64.5285275,Blackbay Group Inc.,-1,,-1,-1,-1,-1,-1,3,-1,"['Refrigerator', 'Stove', 'Dishwasher', 'Microwave', 'Washer', 'Dryer']",-1,-1,-1,-1,-1,-1,-1,-1,-1,-1,-1,-1,-1,-1,0.8057053675803064,0.2214823558247543,0.3318070465865453,50.47040992650572,0.3239021632683963,47.0708235637003,48.71115222734095,47.7358935646028,48.16557838756559,https://blackbaygroup.ca/residential/144-victoria-road/,https://blackbaygroup.ca/residential/,https://example.com/uploads/2023/02/the-gables.jpg,"Brand new contemporary suites in the heart of Bridgewater located on Victoria Road. Just a quick walk or bike ride to the downtown and all amenities. This great neighborhood has lots to offer right at your doorstep. It’s walking distance to the Bridgewater farmers market and curling club, and is 2 kilometers from King Street. Building Features include Elevator, Balconies and/or Patio, Ductless Heat Pump (Air Conditioning), Granite Countertops Throughout, Kitchen Island, In-Suite Laundry, 6 Appliances (Stainless Steel), Open Concept, Luxury Vinyl Tile (LVT), Secure Building with Intercom Access, Recessed Lighting Throughout.",https://example.com/uploads/2023/02/the-gables.jpg,2024-03-24 17:21:20.627886
21,88/90/90A Windmill Road,88/90/90A Windmill Road,-1,"88/90/90A Windmill Road, Dartmouth, NS",44.6955425,-63.6014328,Blackbay Group Inc.,1550,,2,-1,-1,-1,-1,2,-1,[],1,-1,-1,-1,-1,-1,-1,-1,-1,-1,-1,-1,-1,-1,1.618913826353392,0.7257098931133732,0.2025685722828542,3.626954904006419,0.7059706334271018,4.238590484968973,3.297814774149102,3.285760071405479,2.6320510476324306,https://blackbaygroup.ca/residential/88-90-90a-windmill-road/,https://blackbaygroup.ca/residential/,,"Newly renovated 2-bedroom suites in the heart of Downtown Dartmouth with water views, parking, brand new kitchen, storage, large bedrooms, laundry, and more. Central location with lots of natural sunlight and high-quality finishes.",,2024-03-24 17:21:20.628678
22,5639 Fenwick Street,5639 Fenwick Street,-1,"5639 Fenwick Street, Halifax, NS",44.63778869999999,-63.5757023,Blackbay Group Inc.,1500,,1,-1,-1,-1,-1,3,-1,[],2,-1,-1,-1,-1,-1,-1,-1,-1,-1,-1,-1,-1,-1,0.0703722142458201,0.3738537294697943,0.3539485474986114,0.5624055495906426,0.1500163839974289,6.9369837614265215,2.2400650265837982,3.80658701876734,4.205688173359704,https://blackbaygroup.ca/residential/5639-fenwick-street/,https://blackbaygroup.ca/residential/,https://example.com/uploads/2023/02/5639-fenwick-street.jpg,"Newly renovated property with hardwood/tile throughout, parking, brand new kitchen with granite, new bathroom, balcony, quiet building/separate entry, laundry, lots of natural sunlight, and high quality finishes.",https://example.com/uploads/2023/02/5639-fenwick-street.jpg,2024-03-24 17:21:20.629252
23,5639 Fenwick Street,5639 Fenwick Street,-1,"5639 Fenwick Street, Halifax, NS",44.63778869999999,-63.5757023,Blackbay Group Inc.,1750,,2,-1,-1,-1,-1,3,-1,[],2,-1,-1,-1,-1,-1,-1,-1,-1,-1,-1,-1,-1,-1,0.0703722142458201,0.3738537294697943,0.3539485474986114,0.5624055495906426,0.1500163839974289,6.9369837614265215,2.2400650265837982,3.80658701876734,4.205688173359704,https://blackbaygroup.ca/residential/5639-fenwick-street/,https://blackbaygroup.ca/residential/,https://example.com/uploads/2023/02/5639-fenwick-street.jpg,"Newly renovated property with hardwood/tile throughout, parking, brand new kitchen with granite, new bathroom, balcony, quiet building/separate entry, laundry, lots of natural sunlight, and high quality finishes.",https://example.com/uploads/2023/02/5639-fenwick-street.jpg,2024-03-24 17:21:20.629969
24,23 Best Street,23 Best Street,-1,"23 Best Street, Downtown Dartmouth, NS",44.6683104,-63.5793236,Blackbay Group Inc.,1600,,-1,-1,-1,-1,-1,3,-1,[],1,-1,-1,-1,-1,-1,-1,-1,-1,-1,-1,-1,-1,-1,0.5254647918899147,0.8845843347170664,0.1801747507815013,1.5566469113782009,1.2125409739627977,5.7278553888799015,2.321764713185245,3.342433880000041,3.25153628790605,https://blackbaygroup.ca/residential/23-best-street/,https://blackbaygroup.ca/residential/,https://example.com/uploads/2023/02/23-best-street.jpg,"Newly renovated suites in the heart of Downtown Dartmouth. Just a quick walk or bike ride to Alderney Landing. This energetic and trendy neighborhood has lots to offer right at your doorstep such as coffee shops, local restaurants and boutique shopping, ferry, and many more.",https://example.com/uploads/2023/02/23-best-street.jpg,2024-03-24 17:21:20.630535
25,The White Rose,The White Rose,-1,"2172 Gottingen Street, North End Halifax, NS",44.6526728,-63.5845273,Blackbay Group Inc.,1750,,-1,-1,-1,-1,-1,3,-1,"['Refrigerator', 'Stove', 'Dishwasher', 'Microwave']",2,-1,-1,-1,-1,-1,-1,-1,-1,-1,-1,-1,-1,-1,0.5596547951586053,0.0335488301415717,0.4302032129345938,0.5788408417568324,0.3949305911929083,5.990915788426508,1.6752162742605223,3.085084367549083,3.3027724136102417,https://blackbaygroup.ca/residential/2172-gottingen-street/,https://blackbaygroup.ca/residential/,https://example.com/uploads/2023/02/the-white-rose.jpg,"Brand new contemporary suites in the heart of North End Halifax at The White Rose. Just a quick walk or bike ride to the downtown core and Halifax Commons. This energetic and trendy neighbourhood has lots to offer right at your doorstep such as coffee shops, local restaurants and boutique shopping. Building features include exposed concrete in every unit, balcony units available, open concept, air conditioning, floor to ceiling windows, granite countertops throughout, 4 brand new stainless steel appliances, luxury vinyl tile (LVT) in all living areas, modern design, quiet building, laundry in suite with additional storage, recessed lighting throughout, secure building with fob access and surveillance, high quality finishes, and a central location.",https://example.com/uploads/2023/02/the-white-rose.jpg,2024-03-24 17:21:20.631391
26,Lucknow Suites,Lucknow Suites,-1,"1097 to 1101 Lucknow Street, South End, Halifax, NS",44.63682740000001,-63.5751991,Blackbay Group Inc.,1650,,1,-1,-1,-1,-1,3,-1,['New Appliances'],1,-1,-1,-1,-1,-1,-1,-1,-1,-1,-1,-1,-1,-1,0.0963574639133555,0.3201191079120323,0.4241194168847039,0.6323483847900256,0.215564113871518,6.997213700967965,2.2874508812126115,3.856667265410165,4.2648240451556445,https://blackbaygroup.ca/residential/1097-to-1101-lucknow-street/,https://blackbaygroup.ca/residential/,https://example.com/uploads/2023/02/lucknow-suites.jpg,Large 1-bedroom unit with new appliances and hardwood flooring. Some units with decks. Monthly rent starts from $1650.,https://example.com/uploads/2023/02/lucknow-suites.jpg,2024-03-24 17:21:20.632010
27,Lucknow Suites,Lucknow Suites,-1,"1097 to 1101 Lucknow Street, South End, Halifax, NS",44.63682740000001,-63.5751991,Blackbay Group Inc.,2250,,2,-1,-1,-1,-1,3,-1,['New Appliances'],1,-1,-1,-1,-1,-1,-1,-1,-1,-1,-1,-1,-1,-1,0.0963574639133555,0.3201191079120323,0.4241194168847039,0.6323483847900256,0.215564113871518,6.997213700967965,2.2874508812126115,3.856667265410165,4.2648240451556445,https://blackbaygroup.ca/residential/1097-to-1101-lucknow-street/,https://blackbaygroup.ca/residential/,https://example.com/uploads/2023/02/lucknow-suites.jpg,"Mostly 2-level 2-bedroom units with individual entrances, granite countertops, and parking available. Monthly rent starts from $2250.",https://example.com/uploads/2023/02/lucknow-suites.jpg,2024-03-24 17:21:20.632601
28,Contemporary Suites at 5510 Falkland Street,Contemporary Suites at 5510 Falkland Street,-1,"5510 Falkland Street, North End Halifax",44.6512507,-63.58271469999999,Blackbay Group Inc.,1700,,1,-1,-1,1,-1,2,-1,"['Stainless Steel Appliances', 'Dishwasher']",0,224,51,0,-1,-1,"1747 Summer Street, Downtown Halifax, Halifax, NS B3H 3A6",-1,-1,-1,-1,-1,-1,-1,0.5887538350951822,0.1383376929002056,0.3132407095816765,0.4475397184298547,0.2860539192998253,6.118999877425175,1.753506291562319,3.190908464780275,3.42622453636351,https://blackbaygroup.ca/residential/5510-falkland-street/,https://blackbaygroup.ca/residential/,https://example.com/uploads/2023/02/blackbay-group-5510-falkland-street.jpg,"Brand new contemporary suites in the heart of North End Halifax. Just a quick walk or bike ride to the downtown core and Halifax Commons. This energetic and trendy neighbourhood has lots to offer right at your doorstep such as coffee shops, local restaurants and boutique shopping.",https://example.com/uploads/2023/02/blackbay-group-5510-falkland-street.jpg,2024-03-24 17:21:20.633157
29,Fully Renovated Apartments on McIntosh Street,Fully Renovated Apartments on McIntosh Street,-1,"2 McIntosh Street, Halifax, NS",44.6012669,-63.60785250000001,Blackbay Group Inc.,1295,,1,1,1,1,0,3,-1,"['Stainless Steel Appliances', 'Dishwasher', 'Granite Countertops']",1,-1,-1,-1,-1,-1,-1,-1,-1,-1,-1,-1,-1,-1,0.9760462998118716,0.4081689210608119,0.7238108262009082,3.412580845984505,0.4081689210608119,7.802408279319342,3.3557687796374185,4.492207717717167,5.305754245183226,https://blackbaygroup.ca/residential/2-and-4-mcintosh-street/,https://blackbaygroup.ca/residential/,https://example.com/uploads/2023/02/mcintosh-street.jpg,"Fully renovated building located on McIntosh Street, just a short drive to downtown Halifax. In the surrounding area you will have direct access to protected wilderness parks, lakes and hiking/biking trails beyond. These suites feature granite countertops, stainless steel appliances, custom blinds and lots of natural light. Included is water, hot water, heat and parking. Tenant is responsible for power. All new energy efficient appliances and new windows. Make this stunning unit your new home today!",https://example.com/uploads/2023/02/mcintosh-street.jpg,2024-03-24 17:21:20.634282
30,Luxurious Apartment Living on McIntosh Street,Luxurious Apartment Living on McIntosh Street,-1,"4 McIntosh Street, Halifax, NS",44.6013694,-63.60772000000001,Blackbay Group Inc.,1495,,2,1,1,1,0,3,-1,"['Stainless Steel Appliances', 'Dishwasher', 'Granite Countertops']",1,-1,-1,-1,-1,-1,-1,-1,-1,-1,-1,-1,-1,-1,0.9743117978136738,0.4028020135370285,0.7220075676514012,3.4033694789388926,0.4028020135370285,7.799572304011689,3.3497737145797286,4.488546755825044,5.301366701492995,https://blackbaygroup.ca/residential/2-and-4-mcintosh-street/,https://blackbaygroup.ca/residential/,https://example.com/uploads/2023/02/mcintosh-street.jpg,"Fully renovated building located on McIntosh Street, just a short drive to downtown Halifax. In the surrounding area you will have direct access to protected wilderness parks, lakes and hiking/biking trails beyond. These suites feature granite countertops, stainless steel appliances, custom blinds and lots of natural light. Included is water, hot water, heat and parking. Tenant is responsible for power. All new energy efficient appliances and new windows. Make this stunning unit your new home today!",https://example.com/uploads/2023/02/mcintosh-street.jpg,2024-03-24 17:21:20.635274
31,11 Primrose Street,11 Primrose Street,-1,"11 Primrose Street, Dartmouth, NS",44.6821669,-63.58648269999999,Blackbay Group Inc.,1295,,1,-1,-1,-1,-1,-1,-1,"['Stainless steel appliances', 'Dishwasher', 'Granite countertops']",1,-1,-1,-1,-1,-1,-1,-1,-1,-1,-1,-1,-1,-1,1.431950487248642,0.2680091636449266,0.9024126986605182,2.5476993755896533,0.5084403182311242,5.102588019311642,2.754997179865678,3.308395160686283,2.9422774197614023,https://blackbaygroup.ca/residential/11-primrose-street/,https://blackbaygroup.ca/residential/,https://example.com/uploads/11-primrose-street.jpg,"Brand new 1-bedroom units just minutes to the downtown core of Dartmouth. Within walking distance of all your essential needs (shops, grocery stores, etc). These units are completed with granite countertops, stainless steel appliances, dishwashers and lots of natural light.",https://example.com/uploads/11-primrose-street.jpg,2024-03-24 17:21:20.636148
32,11 Primrose Street,11 Primrose Street,-1,"11 Primrose Street, Dartmouth, NS",44.6821669,-63.58648269999999,Blackbay Group Inc.,1600,,2,-1,-1,-1,-1,-1,-1,"['Stainless steel appliances', 'Dishwasher', 'Granite countertops']",1,-1,-1,-1,-1,-1,-1,-1,-1,-1,-1,-1,-1,-1,1.431950487248642,0.2680091636449266,0.9024126986605182,2.5476993755896533,0.5084403182311242,5.102588019311642,2.754997179865678,3.308395160686283,2.9422774197614023,https://blackbaygroup.ca/residential/11-primrose-street/,https://blackbaygroup.ca/residential/,https://example.com/uploads/11-primrose-street.jpg,"Brand new 2-bedroom units just minutes to the downtown core of Dartmouth. Within walking distance of all your essential needs (shops, grocery stores, etc). These units are completed with granite countertops, stainless steel appliances, dishwashers and lots of natural light.",https://example.com/uploads/11-primrose-street.jpg,2024-03-24 17:21:20.637025
33,Fully Renovated Suites at Albro Lake Road,Fully Renovated Suites at Albro Lake Road,-1,"169 Albro Lake Road, Dartmouth, NS",44.6832857,-63.5803259,Blackbay Group Inc.,1295,,1,-1,1,0,0,3,-1,"['Stainless steel appliances', 'Dishwasher', 'Granite countertops']",1,-1,-1,-1,-1,-1,-1,-1,-1,-1,-1,-1,-1,-1,1.3493404745079849,0.1616042296446257,0.8800532740390089,2.5918720717568062,0.8188826696874982,5.382208098679386,2.997746268578526,3.6141881645071976,3.2550052057547734,https://blackbaygroup.ca/residential/169-albro-lake-road/,https://blackbaygroup.ca/residential/,https://example.com/uploads/2023/02/albro-lake-road.jpg,"Fully renovated building just minutes to the downtown core of Dartmouth. Within walking distance to all your essential needs (shops, grocery stores, etc). If you like being outside then you will love being within walking distance to the lake and trail. These suites feature granite countertops, stainless steel appliances and lots of natural light! Included is water, tenant is responsible for heat and power. All energy efficient appliances and windows.",https://example.com/uploads/2023/02/albro-lake-road.jpg,2024-03-24 17:21:20.637835
34,Fully Renovated Suites at Albro Lake Road,Fully Renovated Suites at Albro Lake Road,-1,"169 Albro Lake Road, Dartmouth, NS",44.6832857,-63.5803259,Blackbay Group Inc.,1600,,2,-1,1,0,0,3,-1,"['Stainless steel appliances', 'Dishwasher', 'Granite countertops']",1,-1,-1,-1,-1,-1,-1,-1,-1,-1,-1,-1,-1,-1,1.3493404745079849,0.1616042296446257,0.8800532740390089,2.5918720717568062,0.8188826696874982,5.382208098679386,2.997746268578526,3.6141881645071976,3.2550052057547734,https://blackbaygroup.ca/residential/169-albro-lake-road/,https://blackbaygroup.ca/residential/,https://example.com/uploads/2023/02/albro-lake-road.jpg,"Fully renovated building just minutes to the downtown core of Dartmouth. Within walking distance to all your essential needs (shops, grocery stores, etc). If you like being outside then you will love being within walking distance to the lake and trail. These suites feature granite countertops, stainless steel appliances and lots of natural light! Included is water, tenant is responsible for heat and power. All energy efficient appliances and windows.",https://example.com/uploads/2023/02/albro-lake-road.jpg,2024-03-24 17:21:20.638771
35,Crystal Drive Apartments,Crystal Drive Apartments,-1,"23 Crystal Drive, Dartmouth, NS",44.6875943,-63.5814967,Blackbay Group Inc.,1095,,1,-1,-1,-1,-1,3,-1,"['Stainless steel appliances', 'Granite countertops']",1,-1,-1,-1,-1,-1,-1,-1,-1,-1,-1,-1,-1,-1,0.5210376053278238,0.427727887192918,0.9157187295301302,2.8921197140412422,0.831619465149206,5.273069755489497,3.202973937687563,3.7046215678907433,3.2749132612197327,https://blackbaygroup.ca/residential/23-crystal-drive/,https://blackbaygroup.ca/residential/,https://example.com/uploads/2023/02/crystal-drive.jpg,"Beautiful freshly renovated apartments located in Dartmouth, just minutes to the downtown area. These units are completed with all new flooring, brand new kitchens with granite countertops, and new appliances. Call today to make this place your home.",https://example.com/uploads/2023/02/crystal-drive.jpg,2024-03-24 17:21:20.639611
36,Crystal Drive Apartments,Crystal Drive Apartments,-1,"23 Crystal Drive, Dartmouth, NS",44.6875943,-63.5814967,Blackbay Group Inc.,1325,,2,-1,-1,-1,-1,3,-1,"['Stainless steel appliances', 'Granite countertops']",1,-1,-1,-1,-1,-1,-1,-1,-1,-1,-1,-1,-1,-1,0.5210376053278238,0.427727887192918,0.9157187295301302,2.8921197140412422,0.831619465149206,5.273069755489497,3.202973937687563,3.7046215678907433,3.2749132612197327,https://blackbaygroup.ca/residential/23-crystal-drive/,https://blackbaygroup.ca/residential/,https://example.com/uploads/2023/02/crystal-drive.jpg,"Beautiful freshly renovated apartments located in Dartmouth, just minutes to the downtown area. These units are completed with all new flooring, brand new kitchens with granite countertops, and new appliances. Call today to make this place your home.",https://example.com/uploads/2023/02/crystal-drive.jpg,2024-03-24 17:21:20.640452
37,25 Vimy Avenue,25 Vimy Avenue,-1,25 Vimy Avenue,44.6625938,-63.6335108,Blackbay Group Inc.,1325,,1,-1,1,1,-1,3,-1,"['Stainless steel appliances', 'Dishwasher', 'Granite countertops']",1,-1,-1,-1,-1,-1,-1,-1,-1,-1,-1,-1,-1,-1,0.6342457443406184,0.3258866857867857,0.363752848070236,2.979979756037069,0.9672186302209276,3.653599293257312,1.188602391124591,0.645974888382113,0.9346250080748582,https://blackbaygroup.ca/residential/25-vimy-avenue/,https://blackbaygroup.ca/residential/,https://example.com/images/25-vimy-avenue.jpg,"Fully renovated building, centrally located just minutes to Bayers Lake Business Park, Armdale Rotary and the downtown core! These units feature granite countertops, new flooring, stainless steel appliances and lots of natural light. Some units also feature stunning water views of the Bedford Basin. Included is water, hot water, heat and parking. Tenant is responsible for power. All new energy efficient appliances and windows.",https://example.com/images/25-vimy-avenue.jpg,2024-03-24 17:21:20.641256
38,25 Vimy Avenue,25 Vimy Avenue,-1,25 Vimy Avenue,44.6625938,-63.6335108,Blackbay Group Inc.,1600,,2,-1,1,1,-1,3,-1,"['Stainless steel appliances', 'Dishwasher', 'Granite countertops']",1,-1,-1,-1,-1,-1,-1,-1,-1,-1,-1,-1,-1,-1,0.6342457443406184,0.3258866857867857,0.363752848070236,2.979979756037069,0.9672186302209276,3.653599293257312,1.188602391124591,0.645974888382113,0.9346250080748582,https://blackbaygroup.ca/residential/25-vimy-avenue/,https://blackbaygroup.ca/residential/,https://example.com/images/25-vimy-avenue.jpg,"Fully renovated building, centrally located just minutes to Bayers Lake Business Park, Armdale Rotary and the downtown core! These units feature granite countertops, new flooring, stainless steel appliances and lots of natural light. Some units also feature stunning water views of the Bedford Basin. Included is water, hot water, heat and parking. Tenant is responsible for power. All new energy efficient appliances and windows.",https://example.com/images/25-vimy-avenue.jpg,2024-03-24 17:21:20.642060
39,Fully Renovated Apartments at 57 Main Avenue,Fully Renovated Apartments at 57 Main Avenue,-1,57 Main Avenue,51.6450687,-0.0656776,Blackbay Group Inc.,1395,,1,-1,1,1,1,3,-1,"['Stainless steel appliances', 'Dishwasher', 'Granite Countertops']",1,-1,-1,-1,-1,-1,-1,-1,-1,-1,-1,-1,-1,-1,0.3104098617500636,0.5154901058830397,0.4048867699858773,2881.571901304616,0.2548459620872506,2884.0808321199543,2883.104550021046,2883.8458424653354,2883.296964108384,https://blackbaygroup.ca/residential/57-main-avenue/,https://blackbaygroup.ca/residential/,https://example.com/uploads/2023/02/57-main-avenue.jpg,"Fully renovated building, centrally located just minutes to Bayers Lake Business Park, Armdale Rotary, and the downtown core! These units feature granite countertops, new flooring, stainless steel appliances, open floor concept with large windows, and natural light. All utilities included (heat, electricity, water, hot water, parking). Live with ease knowing your monthly cost will be consistent. Call for your own private showing.",https://example.com/uploads/2023/02/57-main-avenue.jpg,2024-03-24 17:21:20.642753
40,Fully Renovated Apartments at 57 Main Avenue,Fully Renovated Apartments at 57 Main Avenue,-1,57 Main Avenue,51.6450687,-0.0656776,Blackbay Group Inc.,1750,,2,-1,1,1,1,3,-1,"['Stainless steel appliances', 'Dishwasher', 'Granite Countertops']",1,-1,-1,-1,-1,-1,-1,-1,-1,-1,-1,-1,-1,-1,0.3104098617500636,0.5154901058830397,0.4048867699858773,2881.571901304616,0.2548459620872506,2884.0808321199543,2883.104550021046,2883.8458424653354,2883.296964108384,https://blackbaygroup.ca/residential/57-main-avenue/,https://blackbaygroup.ca/residential/,https://example.com/uploads/2023/02/57-main-avenue.jpg,"Fully renovated building, centrally located just minutes to Bayers Lake Business Park, Armdale Rotary, and the downtown core! These units feature granite countertops, new flooring, stainless steel appliances, open floor concept with large windows, and natural light. All utilities included (heat, electricity, water, hot water, parking). Live with ease knowing your monthly cost will be consistent. Call for your own private showing.",https://example.com/uploads/2023/02/57-main-avenue.jpg,2024-03-24 17:21:20.643392
41,Fully Renovated Apartments - 1 Bedroom,Fully Renovated Apartments - 1 Bedroom,-1,58 Main Avenue,43.2188667,-77.9372571,Blackbay Group Inc.,1200,,1,-1,1,1,-1,3,-1,"['Stainless Steel Appliances', 'Dishwasher', 'Granite Countertops', 'Hardwood Flooring']",1,-1,-1,-1,-1,-1,-1,-1,-1,-1,-1,-1,-1,-1,0.412036834617847,0.3950516575828929,0.0,722.2311587624338,0.0339492981490234,717.0326029151614,720.2557598724351,718.9144467924862,719.0245487085226,https://blackbaygroup.ca/residential/58-main-avenue/,https://blackbaygroup.ca/residential/,https://example.com/uploads/2023/02/58-main-avenue.jpg,"Fully renovated building, centrally located just minutes to Bayers Lake Business Park, Armdale Rotary and the downtown core! These units feature granite countertops, hardwood flooring and stainless steel appliances. Included is water, hot water, heat and parking. Tenant is responsible for power. All new energy efficient appliances.",https://example.com/uploads/2023/02/58-main-avenue.jpg,2024-03-24 17:21:20.644099
42,Fully Renovated Apartments - 2 Bedrooms,Fully Renovated Apartments - 2 Bedrooms,-1,58 Main Avenue,43.2188667,-77.9372571,Blackbay Group Inc.,1595,,2,-1,1,1,-1,3,-1,"['Stainless Steel Appliances', 'Dishwasher', 'Granite Countertops', 'Hardwood Flooring']",1,-1,-1,-1,-1,-1,-1,-1,-1,-1,-1,-1,-1,-1,0.412036834617847,0.3950516575828929,0.0,722.2311587624338,0.0339492981490234,717.0326029151614,720.2557598724351,718.9144467924862,719.0245487085226,https://blackbaygroup.ca/residential/58-main-avenue/,https://blackbaygroup.ca/residential/,https://example.com/uploads/2023/02/58-main-avenue.jpg,"Fully renovated building, centrally located just minutes to Bayers Lake Business Park, Armdale Rotary and the downtown core! These units feature granite countertops, hardwood flooring and stainless steel appliances. Included is water, hot water, heat and parking. Tenant is responsible for power. All new energy efficient appliances.",https://example.com/uploads/2023/02/58-main-avenue.jpg,2024-03-24 17:21:20.644750
43,1266 Queen Street,1266 Queen Street,-1,"1266 Queen Street, South End, Halifax",44.6403606,-63.57474649999999,Blackbay Group Inc.,1350,,0,-1,1,1,-1,3,-1,"['Refrigerator', 'Stove']",1,-1,-1,-1,-1,-1,-1,-1,-1,-1,-1,-1,-1,-1,0.1588720731798812,0.2046579902932035,0.2334082359708325,0.4044818137679369,0.1751966791147192,6.868170256978679,2.2285441768225622,3.781435221497257,4.143554218727633,https://blackbaygroup.ca/residential/1266-queen-street/,https://blackbaygroup.ca/residential/,https://example.com/uploads/2023/02/1266-queen-street.jpg,"Beautiful heritage property in the South End of Halifax offering affordable Bachelor suites with furnished options, heat, and hot water included.",https://example.com/uploads/2023/02/1266-queen-street.jpg,2024-03-24 17:21:20.645719
44,1266 Queen Street,1266 Queen Street,-1,"1266 Queen Street, South End, Halifax",44.6403606,-63.57474649999999,Blackbay Group Inc.,1800,,1,-1,-1,-1,-1,3,-1,"['Refrigerator', 'Stove']",1,-1,-1,-1,-1,-1,-1,-1,-1,-1,-1,-1,-1,-1,0.1588720731798812,0.2046579902932035,0.2334082359708325,0.4044818137679369,0.1751966791147192,6.868170256978679,2.2285441768225622,3.781435221497257,4.143554218727633,https://blackbaygroup.ca/residential/1266-queen-street/,https://blackbaygroup.ca/residential/,https://example.com/uploads/2023/02/1266-queen-street.jpg,Beautiful heritage property in the South End of Halifax offering 1-bedroom suites with new appliances and hardwood flooring.,https://example.com/uploads/2023/02/1266-queen-street.jpg,2024-03-24 17:21:20.646457
45,1266 Queen Street,1266 Queen Street,-1,"1266 Queen Street, South End, Halifax",44.6403606,-63.57474649999999,Blackbay Group Inc.,2400,,3,-1,-1,-1,-1,3,-1,"['Refrigerator', 'Stove']",1,-1,-1,-1,-1,-1,-1,-1,-1,-1,-1,-1,-1,-1,0.1588720731798812,0.2046579902932035,0.2334082359708325,0.4044818137679369,0.1751966791147192,6.868170256978679,2.2285441768225622,3.781435221497257,4.143554218727633,https://blackbaygroup.ca/residential/1266-queen-street/,https://blackbaygroup.ca/residential/,https://example.com/uploads/2023/02/1266-queen-street.jpg,Beautiful heritage property in the South End of Halifax offering spacious 3-bedroom suites with loads of character and some with decks.,https://example.com/uploads/2023/02/1266-queen-street.jpg,2024-03-24 17:21:20.647115
46,Lucknow Gardens,Lucknow Gardens,-1,"1095 Lucknow Street, South End, Halifax",44.6366722,-63.57502459999999,Blackbay Group Inc.,1695,,1,-1,1,1,-1,3,-1,[],1,-1,-1,-1,-1,-1,-1,-1,-1,-1,-1,-1,-1,-1,0.1029152126401904,0.3141029139652882,0.4376194306696547,0.6446262320803375,0.2293066166640006,7.0105842380289385,2.299467881654665,3.868982252550976,4.278105591289896,https://blackbaygroup.ca/residential/1095-lucknow-street/,https://blackbaygroup.ca/residential/,https://example.com/uploads/2023/02/lucknow-gardens.jpg,"If charm is what you’re looking for, Lucknow Gardens is the one for you. This building is a must-see, located in the South End of Halifax, just a short walk to all amenities, Spring Garden Road, Universities, and shopping. Building features include Heat and Hot Water Included, French Balcony, Large rooms, Storage, Lots of character, Some with decks, Parking available, Coin-operated laundry.",https://example.com/uploads/2023/02/lucknow-gardens.jpg,2024-03-24 17:21:20.647766
47,Lucknow Gardens,Lucknow Gardens,-1,"1095 Lucknow Street, South End, Halifax",44.6366722,-63.57502459999999,Blackbay Group Inc.,2000,,2,-1,1,1,-1,3,-1,[],1,-1,-1,-1,-1,-1,-1,-1,-1,-1,-1,-1,-1,-1,0.1029152126401904,0.3141029139652882,0.4376194306696547,0.6446262320803375,0.2293066166640006,7.0105842380289385,2.299467881654665,3.868982252550976,4.278105591289896,https://blackbaygroup.ca/residential/1095-lucknow-street/,https://blackbaygroup.ca/residential/,https://example.com/uploads/2023/02/lucknow-gardens.jpg,"If charm is what you’re looking for, Lucknow Gardens is the one for you. This building is a must-see, located in the South End of Halifax, just a short walk to all amenities, Spring Garden Road, Universities, and shopping. Building features include Heat and Hot Water Included, French Balcony, Large rooms, Storage, Lots of character, Some with decks, Parking available, Coin-operated laundry.",https://example.com/uploads/2023/02/lucknow-gardens.jpg,2024-03-24 17:21:20.648429
48,Fenwick Gardens,Fenwick Gardens,-1,"5636 Fenwick Street, South End, Halifax",44.637328,-63.5754815,Blackbay Group Inc.,1800,,1,-1,-1,1,1,2,-1,"['Stainless Steel Appliances', 'Dishwasher']",1,-1,-1,-1,-1,-1,-1,-1,-1,-1,-1,-1,-1,-1,0.0767331062182994,0.3469955956195253,0.3870684303930382,0.5957033823545651,0.1802525878206735,6.965029757451319,2.2616872855416488,3.829592343707312,4.233172595847674,https://blackbaygroup.ca/residential/5636-fenwick-street/,https://blackbaygroup.ca/residential/,https://example.com/uploads/2023/02/fenwick-gardens.jpg,"Historic Victorian building with stainless steel appliances, hardwood flooring, and parking available. Located in the South End of Halifax, short walk to amenities, universities, and shopping.",https://example.com/uploads/2023/02/fenwick-gardens.jpg,2024-03-24 17:21:20.649211
49,Fenwick Gardens,Fenwick Gardens,-1,"5636 Fenwick Street, South End, Halifax",44.637328,-63.5754815,Blackbay Group Inc.,2050,,2,-1,-1,1,1,2,-1,"['Stainless Steel Appliances', 'Dishwasher']",1,-1,-1,-1,-1,-1,-1,-1,-1,-1,-1,-1,-1,-1,0.0767331062182994,0.3469955956195253,0.3870684303930382,0.5957033823545651,0.1802525878206735,6.965029757451319,2.2616872855416488,3.829592343707312,4.233172595847674,https://blackbaygroup.ca/residential/5636-fenwick-street/,https://blackbaygroup.ca/residential/,https://example.com/uploads/2023/02/fenwick-gardens.jpg,"Historic Victorian building with stainless steel appliances, hardwood flooring, and parking available. Located in the South End of Halifax, short walk to amenities, universities, and shopping.",https://example.com/uploads/2023/02/fenwick-gardens.jpg,2024-03-24 17:21:20.649883
50,Luxury Downtown Halifax Rentals,Luxury Downtown Halifax Rentals,-1,"5484-5486 Clyde Street, Halifax, NS",44.6418719,-63.57596239999999,Blackbay Group Inc.,1750,,1,-1,-1,-1,-1,3,-1,"['Stainless Steel Appliances', 'Dishwasher', 'Granite Countertops', 'Hardwood Flooring']",2,-1,-1,-1,-1,-1,-1,-1,-1,-1,-1,-1,-1,-1,0.1529493617892731,0.1203672836077003,0.1135978007620576,0.2857507040366766,0.1877428972179929,6.758389991181397,2.143646424648008,3.688383608952358,4.036396186536496,https://blackbaygroup.ca/residential/5484-5486-clyde-street/,https://blackbaygroup.ca/residential/,https://example.com/uploads/2023/02/luxury-halifax-rental.jpg,"Luxury brand new 1-BR rental with granite countertops, hardwood floors, stainless steel appliances, in-suite washer/dryer, lots of natural light, in-suite laundry, dishwasher, air-conditioning, heat pumps, and parking available.",https://example.com/uploads/2023/02/luxury-halifax-rental.jpg,2024-03-24 17:21:20.650532
62,TED,TED,-1,"6300 Quinpool Road, Halifax, Nova Scotia",44.6449145,-63.5984693,FACADE investments - NAhas,-1,,1,-1,-1,-1,-1,3,-1,[],2,-1,-1,-1,-1,-1,-1,-1,-1,835,-1,-1,-1,-1,0.7264951522928327,0.6099451589628329,0.1727379340311373,1.019742608367958,0.4011270735654945,5.754802881172012,1.0179896542501194,2.581156727337766,3.0185587755815337,https://theted.ca/our-units,https://theted.ca/our-units,https://images.squarespace-cdn.com/content/v1/62cf25413467912b87062e23/1660006078057-DUESMJRSGKXES4DG9MDA/J.png,"1 bedroom, 835 sqft, available on levels 4-6",https://images.squarespace-cdn.com/content/v1/62cf25413467912b87062e23/1660006078057-DUESMJRSGKXES4DG9MDA/J.png,2024-03-24 17:22:30.877683
51,Luxury Downtown Halifax Rentals,Luxury Downtown Halifax Rentals,-1,"5484-5486 Clyde Street, Halifax, NS",44.6418719,-63.57596239999999,Blackbay Group Inc.,2100,,2,-1,-1,-1,-1,3,-1,"['Stainless Steel Appliances', 'Dishwasher', 'Granite Countertops', 'Hardwood Flooring']",2,-1,-1,-1,-1,-1,-1,-1,-1,-1,-1,-1,-1,-1,0.1529493617892731,0.1203672836077003,0.1135978007620576,0.2857507040366766,0.1877428972179929,6.758389991181397,2.143646424648008,3.688383608952358,4.036396186536496,https://blackbaygroup.ca/residential/5484-5486-clyde-street/,https://blackbaygroup.ca/residential/,https://example.com/uploads/2023/02/luxury-halifax-rental.jpg,"Luxury brand new 2-BR rental with granite countertops, hardwood floors, stainless steel appliances, in-suite washer/dryer, lots of natural light, in-suite laundry, dishwasher, air-conditioning, heat pumps, and parking available.",https://example.com/uploads/2023/02/luxury-halifax-rental.jpg,2024-03-24 17:21:20.651215
52,Fully Restored Character Building on Brunswick,Fully Restored Character Building on Brunswick,-1,"2267 Brunswick Street, Halifax, NS",44.6542783,-63.58312599999999,Blackbay Group Inc.,-1,,-1,-1,1,1,0,2,-1,"['Stainless Steel Appliances', 'Dishwasher']",1,-1,-1,-1,-1,-1,-1,-1,-1,-1,-1,-1,-1,-1,0.51825249168252,0.0971187936235283,0.4319967588828782,0.6416989104366788,0.3867129699090514,5.991500826275647,1.7618426425230624,3.1365627341533706,3.319460233926013,https://blackbaygroup.ca/residential/2267-brunswick-street/,https://blackbaygroup.ca/residential/,https://example.com/uploads/2023/02/fully-restored-brunswick.jpg,"Fully restored character building located on Brunswick Street is just a short distance from downtown Halifax, the Hydrostone Market, and the Halifax Commons. These suites feature granite countertops, hardwood throughout, stainless steel appliances, and high ceilings with lots of natural light. Water and heat are included, tenant is responsible for power. All new energy-efficient appliances, new windows, and spray insulation. Make this stunning location your new home today!",https://example.com/uploads/2023/02/fully-restored-brunswick.jpg,2024-03-24 17:21:20.651798
53,TED,TED,-1,"6300 Quinpool Road, Halifax, Nova Scotia",44.6449145,-63.5984693,FACADE investments - NAhas,-1,,1,-1,-1,-1,-1,3,-1,[],2,-1,-1,-1,-1,-1,-1,-1,-1,631,-1,-1,-1,-1,0.7264951522928327,0.6099451589628329,0.1727379340311373,1.019742608367958,0.4011270735654945,5.754802881172012,1.0179896542501194,2.581156727337766,3.0185587755815337,https://theted.ca/our-units,https://theted.ca/our-units,https://images.squarespace-cdn.com/content/v1/62cf25413467912b87062e23/1660005677359-EW2EUOTGYP95E4TORB8A/A.png,"1 bedroom apartment, 631 sqft, available on levels 2 & 3",https://images.squarespace-cdn.com/content/v1/62cf25413467912b87062e23/1660005677359-EW2EUOTGYP95E4TORB8A/A.png,2024-03-24 17:22:30.864929
54,TED,TED,-1,"6300 Quinpool Road, Halifax, Nova Scotia",44.6449145,-63.5984693,FACADE investments - NAhas,-1,,2,-1,-1,-1,-1,3,-1,[],2,-1,-1,-1,-1,-1,-1,-1,-1,1114,-1,-1,-1,-1,0.7264951522928327,0.6099451589628329,0.1727379340311373,1.019742608367958,0.4011270735654945,5.754802881172012,1.0179896542501194,2.581156727337766,3.0185587755815337,https://theted.ca/our-units,https://theted.ca/our-units,https://images.squarespace-cdn.com/content/v1/62cf25413467912b87062e23/1660005690318-KLFJR86H0LMB79CF835W/B.png,"2 bedroom apartment, 1,114 sqft, available on levels 2 & 3",https://images.squarespace-cdn.com/content/v1/62cf25413467912b87062e23/1660005690318-KLFJR86H0LMB79CF835W/B.png,2024-03-24 17:22:30.866989
55,TED,TED,-1,"6300 Quinpool Road, Halifax, Nova Scotia",44.6449145,-63.5984693,FACADE investments - NAhas,-1,,2,-1,-1,-1,-1,3,-1,[],2,-1,-1,-1,-1,-1,-1,-1,-1,1003,-1,-1,-1,-1,0.7264951522928327,0.6099451589628329,0.1727379340311373,1.019742608367958,0.4011270735654945,5.754802881172012,1.0179896542501194,2.581156727337766,3.0185587755815337,https://theted.ca/our-units,https://theted.ca/our-units,https://images.squarespace-cdn.com/content/v1/62cf25413467912b87062e23/1660005708151-3N775V88EB9Z0PGERR7M/C.png,"2 bedroom apartment, 1,003 sqft, available on levels 2-6",https://images.squarespace-cdn.com/content/v1/62cf25413467912b87062e23/1660005708151-3N775V88EB9Z0PGERR7M/C.png,2024-03-24 17:22:30.867544
56,TED,TED,-1,"6300 Quinpool Road, Halifax, Nova Scotia",44.6449145,-63.5984693,FACADE investments - NAhas,-1,,2,-1,-1,-1,-1,3,-1,[],2,-1,-1,-1,-1,-1,-1,-1,-1,-1,-1,-1,-1,-1,0.7264951522928327,0.6099451589628329,0.1727379340311373,1.019742608367958,0.4011270735654945,5.754802881172012,1.0179896542501194,2.581156727337766,3.0185587755815337,https://theted.ca/our-units,https://theted.ca/our-units,https://images.squarespace-cdn.com/content/v1/62cf25413467912b87062e23/1660005726183-IQZANC9U6LPZVUR8H3TW/D.png,2 bedroom apartment,https://images.squarespace-cdn.com/content/v1/62cf25413467912b87062e23/1660005726183-IQZANC9U6LPZVUR8H3TW/D.png,2024-03-24 17:22:30.868015
57,TED,TED,-1,"6300 Quinpool Road, Halifax, Nova Scotia",44.6449145,-63.5984693,FACADE investments - NAhas,-1,,1,-1,-1,-1,-1,3,-1,[],2,-1,-1,-1,-1,-1,-1,-1,-1,719,-1,-1,-1,-1,0.7264951522928327,0.6099451589628329,0.1727379340311373,1.019742608367958,0.4011270735654945,5.754802881172012,1.0179896542501194,2.581156727337766,3.0185587755815337,https://theted.ca/our-units,https://theted.ca/our-units,https://images.squarespace-cdn.com/content/v1/62cf25413467912b87062e23/1660005742776-LMCGLT79FOQJWCQWX30I/E.png,"1 bedroom apartment, 588 - 719 sqft, available on levels 2 - 8, with 3 layouts available",https://images.squarespace-cdn.com/content/v1/62cf25413467912b87062e23/1660005742776-LMCGLT79FOQJWCQWX30I/E.png,2024-03-24 17:22:30.868473
58,TED,TED,-1,"6300 Quinpool Road, Halifax, Nova Scotia",44.6449145,-63.5984693,FACADE investments - NAhas,-1,,1,-1,-1,-1,-1,3,-1,[],2,-1,-1,-1,-1,-1,-1,-1,-1,690,-1,-1,-1,-1,0.7264951522928327,0.6099451589628329,0.1727379340311373,1.019742608367958,0.4011270735654945,5.754802881172012,1.0179896542501194,2.581156727337766,3.0185587755815337,https://theted.ca/our-units,https://theted.ca/our-units,https://images.squarespace-cdn.com/content/v1/62cf25413467912b87062e23/1660006021547-PB7E6KYCFXO165VP31OG/F.png,"1 bedroom apartment, 690 sqft, available on level 2",https://images.squarespace-cdn.com/content/v1/62cf25413467912b87062e23/1660006021547-PB7E6KYCFXO165VP31OG/F.png,2024-03-24 17:22:30.869339
59,TED,TED,-1,"6300 Quinpool Road, Halifax, Nova Scotia",44.6449145,-63.5984693,FACADE investments - NAhas,-1,,1,-1,-1,-1,-1,3,-1,[],2,-1,-1,-1,-1,-1,-1,-1,-1,695,-1,-1,-1,-1,0.7264951522928327,0.6099451589628329,0.1727379340311373,1.019742608367958,0.4011270735654945,5.754802881172012,1.0179896542501194,2.581156727337766,3.0185587755815337,https://theted.ca/our-units,https://theted.ca/our-units,https://images.squarespace-cdn.com/content/v1/62cf25413467912b87062e23/1660006033383-MPG4XEY61XNIGUOGNY7E/G.png,"1 bedroom, 695 sqft, available on level 2",https://images.squarespace-cdn.com/content/v1/62cf25413467912b87062e23/1660006033383-MPG4XEY61XNIGUOGNY7E/G.png,2024-03-24 17:22:30.870000
60,TED,TED,-1,"6300 Quinpool Road, Halifax, Nova Scotia",44.6449145,-63.5984693,FACADE investments - NAhas,-1,,1,-1,-1,-1,-1,3,-1,[],2,-1,-1,-1,-1,-1,-1,-1,-1,587,-1,-1,-1,-1,0.7264951522928327,0.6099451589628329,0.1727379340311373,1.019742608367958,0.4011270735654945,5.754802881172012,1.0179896542501194,2.581156727337766,3.0185587755815337,https://theted.ca/our-units,https://theted.ca/our-units,https://images.squarespace-cdn.com/content/v1/62cf25413467912b87062e23/1660006045347-PBTF9J07EBHJN931IWSR/H.png,"1 bedroom, 587 sqft, available on level 2",https://images.squarespace-cdn.com/content/v1/62cf25413467912b87062e23/1660006045347-PBTF9J07EBHJN931IWSR/H.png,2024-03-24 17:22:30.870623
61,TED,TED,-1,"6300 Quinpool Road, Halifax, Nova Scotia",44.6449145,-63.5984693,FACADE investments - NAhas,-1,,1,-1,-1,-1,-1,3,-1,[],2,-1,-1,-1,-1,-1,-1,-1,-1,791,-1,-1,-1,-1,0.7264951522928327,0.6099451589628329,0.1727379340311373,1.019742608367958,0.4011270735654945,5.754802881172012,1.0179896542501194,2.581156727337766,3.0185587755815337,https://theted.ca/our-units,https://theted.ca/our-units,https://images.squarespace-cdn.com/content/v1/62cf25413467912b87062e23/1660006061332-VRG6QGNSIVPPQN8GE3IB/I.png,"1 bedroom, 791 sqft, available on level 2",https://images.squarespace-cdn.com/content/v1/62cf25413467912b87062e23/1660006061332-VRG6QGNSIVPPQN8GE3IB/I.png,2024-03-24 17:22:30.876554
63,TED,TED,-1,"6300 Quinpool Road, Halifax, Nova Scotia",44.6449145,-63.5984693,FACADE investments - NAhas,-1,,1,-1,-1,-1,-1,3,-1,[],2,-1,-1,-1,-1,-1,-1,-1,-1,688,-1,-1,-1,-1,0.7264951522928327,0.6099451589628329,0.1727379340311373,1.019742608367958,0.4011270735654945,5.754802881172012,1.0179896542501194,2.581156727337766,3.0185587755815337,https://theted.ca/our-units,https://theted.ca/our-units,https://images.squarespace-cdn.com/content/v1/62cf25413467912b87062e23/1660006093714-P8WPU86FIAN639UAD85O/K.png,"1 bedroom, 662 - 688 sqft, available on levels 3 - 8, with 2 layout types available",https://images.squarespace-cdn.com/content/v1/62cf25413467912b87062e23/1660006093714-P8WPU86FIAN639UAD85O/K.png,2024-03-24 17:22:30.878325
64,TED,TED,-1,"6300 Quinpool Road, Halifax, Nova Scotia",44.6449145,-63.5984693,FACADE investments - NAhas,-1,,2,-1,-1,-1,-1,3,-1,[],2,-1,-1,-1,-1,-1,-1,-1,-1,829,-1,-1,-1,-1,0.7264951522928327,0.6099451589628329,0.1727379340311373,1.019742608367958,0.4011270735654945,5.754802881172012,1.0179896542501194,2.581156727337766,3.0185587755815337,https://theted.ca/our-units,https://theted.ca/our-units,https://images.squarespace-cdn.com/content/v1/62cf25413467912b87062e23/1660006110634-410JA49E8AK0XIW35S87/L.png,"2 bedroom apartment, 829 sqft, available from levels 3 - 8",https://images.squarespace-cdn.com/content/v1/62cf25413467912b87062e23/1660006110634-410JA49E8AK0XIW35S87/L.png,2024-03-24 17:22:30.879036
65,TED,TED,-1,"6300 Quinpool Road, Halifax, Nova Scotia",44.6449145,-63.5984693,FACADE investments - NAhas,-1,,2,-1,-1,-1,-1,3,-1,[],2,-1,-1,-1,-1,-1,-1,-1,-1,1145,-1,-1,-1,-1,0.7264951522928327,0.6099451589628329,0.1727379340311373,1.019742608367958,0.4011270735654945,5.754802881172012,1.0179896542501194,2.581156727337766,3.0185587755815337,https://theted.ca/our-units,https://theted.ca/our-units,https://images.squarespace-cdn.com/content/v1/62cf25413467912b87062e23/1660006129441-AU5JRM1E98Y5NXAQJHRO/M.png,"2 bedroom apartment, 1,145 sqft, available on level 7",https://images.squarespace-cdn.com/content/v1/62cf25413467912b87062e23/1660006129441-AU5JRM1E98Y5NXAQJHRO/M.png,2024-03-24 17:22:30.879663
66,TED,TED,-1,"6300 Quinpool Road, Halifax, Nova Scotia",44.6449145,-63.5984693,FACADE investments - NAhas,-1,,1,-1,-1,-1,-1,3,-1,[],2,-1,-1,-1,-1,-1,-1,-1,-1,713,-1,-1,-1,-1,0.7264951522928327,0.6099451589628329,0.1727379340311373,1.019742608367958,0.4011270735654945,5.754802881172012,1.0179896542501194,2.581156727337766,3.0185587755815337,https://theted.ca/our-units,https://theted.ca/our-units,https://images.squarespace-cdn.com/content/v1/62cf25413467912b87062e23/1660006142163-IWP5D77AL02VGZEN7U7Q/N.png,"1 bedroom, 713 sqft, available on level 8. Contact information provided: hello@theted.ca, 902-425-7368",https://images.squarespace-cdn.com/content/v1/62cf25413467912b87062e23/1660006142163-IWP5D77AL02VGZEN7U7Q/N.png,2024-03-24 17:22:30.880323
