listing_name,address,property_management_name,permit_value,floors,units_or_size,building_type,image,url,source_name,units_or_Size,permit_Value
The Abraham,"2180 Robie Street, Halifax",Commons View Holdings Ltd,$22.4M,9,108,Mixed Use,https://halifaxdevelopments.files.wordpress.com/2023/12/20231230_1443154408972597760767942.jpg?w=1024,https://halifaxdevelopments.ca/2023/12/30/the-abraham/,Halifax Regional Municipality development blog,,
The Avalon,"22 Hamlet Lane, Dartmouth",Pinnacle Construction,$17.0 M,10,90,1,https://halifaxdevelopments.files.wordpress.com/2024/03/20240301_1401342038598857651699188.jpg?w=1024,https://halifaxdevelopments.ca/2024/03/02/22-hamlet-lane-3/,Halifax Regional Municipality development blog,,
22 Hamlet Lane,"22 Hamlet Lane, Dartmouth",Unknown,$17.0 M,10,90,-1,https://halifaxdevelopments.files.wordpress.com/2024/01/20240124_1348022331068749895340363.jpg?w=1024,https://halifaxdevelopments.ca/2024/01/27/22-hamlet-lane-2/,Halifax Regional Municipality development blog,,
22 Hamlet Lane,"22 Hamlet Lane, Dartmouth",Pinnacle Homes,-1,10,90,-1,https://halifaxdevelopments.files.wordpress.com/2024/01/20240105_1428362291015044194480343.jpg?w=1024,https://halifaxdevelopments.ca/2024/01/07/22-hamlet-lane/,Halifax Regional Municipality development blog,,
22 Hamlet Lane,"22 Hamlet Lane, Dartmouth",-1,-1,-1,-1,-1,-1,-1,Halifax Regional Municipality development blog,,
Admiral’s Corner Apartments,"2828 Gottingen Street, Halifax",Cornerstone Developments,$3.9M,7,,1,https://halifaxdevelopments.files.wordpress.com/2024/03/20240321_1323211439106212687294998.jpg?w=1024,https://halifaxdevelopments.ca/2024/03/24/admirals-corner-apartments-3/,Halifax Regional Municipality development blog,40,
Admiral’s Corner Apartments,"2828 Gottingen Street, Halifax",Cornerstone Developments Ltd,$3.9M,7,,1,https://halifaxdevelopments.files.wordpress.com/2023/12/20231209_133021.jpg?w=1024,https://halifaxdevelopments.ca/2023/12/10/admirals-corner-apartments/,Halifax Regional Municipality development blog,40,
Admiral’s Corner Apartments,2828 Gottingen,-1,-1,-1,,-1,-1,-1,Halifax Regional Municipality development blog,-1,
Bedford Square,"40 Taviton Street, Halifax",Shannex Developments,$42.1 M,8,154,1,https://halifaxdevelopments.files.wordpress.com/2024/02/20240211_1340378861999465470079838.jpg?w=1024,https://halifaxdevelopments.ca/2024/02/12/bedford-square/,Halifax Regional Municipality development blog,,
Bedford Square,-1,-1,-1,-1,-1,-1,https://halifaxdevelopments.files.wordpress.com/2023/12/20231225_1248228032418637382502043.jpg?w=1024,https://halifaxdevelopments.ca/2023/12/27/shannex-bedford/,Halifax Regional Municipality development blog,,
The Bello,"2 Montebello Drive, Dartmouth",Yellowstone Commercial,$9.2 M,6,42,Mixed-Use,https://halifaxdevelopments.files.wordpress.com/2024/02/20240202_1410081902631161031777287.jpg?w=1024,https://halifaxdevelopments.ca/2024/02/04/the-bello-2/,Halifax Regional Municipality development blog,,
The Bello,"5 Montobello Drive, Dartmouth",Yellowstone Commercial Holdings Ltd,-1,5,40,Mixed Use,https://halifaxdevelopments.files.wordpress.com/2023/12/20231212_141152.jpg?w=1024,https://halifaxdevelopments.ca/2023/12/14/the-bello/,Halifax Regional Municipality development blog,,
Boa Vista,"153 Wyse Road, Dartmouth",RoMa Developments,$20.6 M,16,114,Mixed-Use,https://halifaxdevelopments.files.wordpress.com/2024/02/20240207_1421274424170378527968547.jpg?w=1024,https://halifaxdevelopments.ca/2024/02/09/boa-vista/,Halifax Regional Municipality development blog,,
153 Wyse Road,"153 Wyse Road, Dartmouth",-1,$20.6M,16,114,Mixed Use,https://halifaxdevelopments.files.wordpress.com/2023/12/20231218_1414084092097612748112833.jpg?w=1024,https://halifaxdevelopments.ca/2023/12/20/153-wyse-road-3/,Halifax Regional Municipality development blog,,
Cedar Ridge,"35 Lynnett Road, Halifax",FH Development Group,$5.0 M,4,,Residential,https://halifaxdevelopments.files.wordpress.com/2024/01/20240128_1529335070260692190782430.jpg?w=1024,https://halifaxdevelopments.ca/2024/01/30/cedar-ridge/,Halifax Regional Municipality development blog,40,
Compass Co-Operative,"2095 Maitland Street, Halifax",Compass Co-operative Homes Ltd,-1,6,,1,https://halifaxdevelopments.files.wordpress.com/2024/01/20240101_1353375892600938231458752.jpg?w=1024,https://halifaxdevelopments.ca/2024/01/02/compass-co-operative/,Halifax Regional Municipality development blog,57,
Compass Co-Op Housing,"2095 Maitland Street, Halifax",-1,-1,6,,-1,https://halifaxdevelopments.files.wordpress.com/2023/12/20231210_133127.jpg?w=1024,https://halifaxdevelopments.ca/2023/12/12/compass-co-op-housing/,Halifax Regional Municipality development blog,-1,
Compass Cooperative,"2095-2119 Maitland Street, Halifax",-1,-1,6,,1,-1,-1,Halifax Regional Municipality development blog,57,
The Cunard,"1325 Lower Water Street, Halifax",Southwest Properties,$73.1 M,16,235,Mixed-Use,https://halifaxdevelopments.files.wordpress.com/2024/03/20240302_1430185744957435341858950.jpg?w=1024,https://halifaxdevelopments.ca/2024/03/03/the-cunard-2/,Halifax Regional Municipality development blog,,
CUNARD RESIDENCES,Lower Water & Morris,Southwest Properties,-1,19,-1,-1,https://halifaxdevelopments.files.wordpress.com/2023/11/20231126_135219.jpg?w=1024,https://halifaxdevelopments.ca/2023/11/27/cunard-residences/,Halifax Regional Municipality development blog,,
The Cunard,1475 Lower Water,-1,-1,-1,-1,-1,-1,-1,Halifax Regional Municipality development blog,,
The Cypress,"57 Hamlet Lane, Dartmouth",Pinnacle Construction,$29.6 M,10,148,1,https://halifaxdevelopments.files.wordpress.com/2024/03/20240301_1358076198606969725330155.jpg?w=1024,https://halifaxdevelopments.ca/2024/03/02/57-hamlet-lane/,Halifax Regional Municipality development blog,,
Dartmouth Towers,"20 Best Street, Dartmouth",Manga Hotels,?,40,1350,Mixed-Use,https://halifaxdevelopments.files.wordpress.com/2024/02/20240221_1359433056185636001463219.jpg?w=1024,https://halifaxdevelopments.ca/2024/02/22/dartmouth-towers-2/,Halifax Regional Municipality development blog,,
Dartmouth Towers,"20 Best Street, Dartmouth",Manga Hotels,?,33,?,Mixed-Use,https://halifaxdevelopments.files.wordpress.com/2024/02/20240201_134610272703065287873979.jpg?w=1024,https://halifaxdevelopments.ca/2024/02/03/dartmouth-towers/,Halifax Regional Municipality development blog,,
The Delmore,"2393 Maynard Street, Halifax",R C Jane,$3.6M,6,20,Residential,https://halifaxdevelopments.files.wordpress.com/2024/03/20240318_133406697881672500589822.jpg?w=1024,https://halifaxdevelopments.ca/2024/03/20/the-delmore-9/,Halifax Regional Municipality development blog,,
The Edge,"51 Innovation Drive, Bedford",Unknown,$15.1 M,6,,1,https://halifaxdevelopments.files.wordpress.com/2024/03/20240303_1441018119891156646316657.jpg?w=1024,https://halifaxdevelopments.ca/2024/03/04/the-edge-2/,Halifax Regional Municipality development blog,66,
The Edge,"51 Innovation Drive, Bedford",Unknown,$15.1 M,6,,1,https://halifaxdevelopments.files.wordpress.com/2024/01/20240120_155137945821532953383287.jpg?w=1024,https://halifaxdevelopments.ca/2024/01/22/the-edge/,Halifax Regional Municipality development blog,66,
The Elevation on Robie,"5858 Macara Street, Halifax",Banc Group,$ -1,19,,-1,https://halifaxdevelopments.files.wordpress.com/2024/03/20240314_133745983787395456359902.jpg?w=1024,https://halifaxdevelopments.ca/2024/03/15/the-elevation-on-robie-10/,Halifax Regional Municipality development blog,Mixed-Use,
The Elmwood,"5185 South Street, Halifax",Galaxy Properties,$22 M,9,,Mixed-Use,https://halifaxdevelopments.files.wordpress.com/2024/02/20240218_1605409197546817061296668.jpg?w=1024,https://halifaxdevelopments.ca/2024/02/20/the-elmwood-3/,Halifax Regional Municipality development blog,75 Units,
The Elmwood,"5185 South Street, Halifax",Unknown,$22 M,9,,-1,https://halifaxdevelopments.files.wordpress.com/2024/01/20240108_1321325834024013263968746.jpg?w=1024,https://halifaxdevelopments.ca/2024/01/09/the-elmwood-2/,Halifax Regional Municipality development blog,75 Units,
-1,"5185 South Street, Halifax",-1,$22 M,9,,-1,https://halifaxdevelopments.files.wordpress.com/2023/11/20231126_132320.jpg?w=1024,https://halifaxdevelopments.ca/2023/11/26/the-elmwood/,Halifax Regional Municipality development blog,75 Units,
The Elmwood,-1,-1,-1,-1,,-1,-1,-1,Halifax Regional Municipality development blog,-1,
The Eventide,"1540 Carlton Street, Halifax",Killam REIT,$22.0M,8,,-1,https://halifaxdevelopments.files.wordpress.com/2024/03/20240317_1518483871132537488046510.jpg?w=1024,https://halifaxdevelopments.ca/2024/03/19/the-eventide-2/,Halifax Regional Municipality development blog,55,
The Eventide,-1,-1,-1,-1,,-1,https://halifaxdevelopments.files.wordpress.com/2024/02/20240218_1539497448488537606837736.jpg?w=1024,https://halifaxdevelopments.ca/2024/02/19/the-eventide/,Halifax Regional Municipality development blog,-1,
Dec 31/23 Permits,-1,-1,-1,-1,,-1,https://halifaxdevelopments.files.wordpress.com/2023/12/20231231_1441013840722544762598587.jpg?w=1024,https://halifaxdevelopments.ca/2023/12/31/dec-31-23-permits/,Halifax Regional Municipality development blog,-1,
Marco | Builders of Atlantic Canada,Carlton Street on the dead-end block north of Spring Garden Road,Marco Group and Killam REIT,-1,-1,,-1,-1,https://halifaxdevelopments.ca/2022/06/14/marco-builders-of-atlantic-canada/,Halifax Regional Municipality development blog,65 units in 6 floors,
The Fairway,"3539 Joseph Howe Drive, Halifax",Kingsbrook Properties,$26.6 M,8,,Residential,https://halifaxdevelopments.files.wordpress.com/2024/03/20240309_1657352435729705691873626.jpg?w=1024,https://halifaxdevelopments.ca/2024/03/10/the-fairway-4/,Halifax Regional Municipality development blog,148,
The Fairway,"3539 Joseph Howe Drive, Halifax",Kingsbrook Properties,$26.6 M,8,,Residential,https://halifaxdevelopments.files.wordpress.com/2024/01/20240128_1412495934711898135302557.jpg?w=1024,https://halifaxdevelopments.ca/2024/01/29/the-fairway-3/,Halifax Regional Municipality development blog,148,
The Fairway,-1,Kingsbrook Properties,$26.6M,8,,-1,https://halifaxdevelopments.files.wordpress.com/2023/12/20231231_1540288795875992270578634.jpg?w=1024,https://halifaxdevelopments.ca/2024/01/01/the-fairway-2/,Halifax Regional Municipality development blog,148,
The Fairway,-1,Kingsbrook Properties,$26.6M,8,,-1,https://halifaxdevelopments.files.wordpress.com/2023/12/20231216_140805541566227716588973.jpg?w=1024,https://halifaxdevelopments.ca/2023/12/16/the-fairway/,Halifax Regional Municipality development blog,148,
The Finch,"22 Dawson Street, Dartmouth",-1,$19.8 M,7,110,1,https://halifaxdevelopments.files.wordpress.com/2024/03/20240319_1417381359833884709685680.jpg?w=1024,https://halifaxdevelopments.ca/2024/03/21/the-finch-5/,Halifax Regional Municipality development blog,,
The Finch,"22 Dawson Street, Dartmouth",-1,$19.8 M,7,110,1,https://halifaxdevelopments.files.wordpress.com/2024/02/20240229_1421047036745780732866239.jpg?w=1024,https://halifaxdevelopments.ca/2024/03/01/the-finch-4/,Halifax Regional Municipality development blog,,
The Finch,"22 Dawson Street, Dartmouth",-1,$19.8 M,7,110,1,https://halifaxdevelopments.files.wordpress.com/2024/02/20240213_131020214713821184242073.jpg?w=1024,https://halifaxdevelopments.ca/2024/02/15/the-finch-3/,Halifax Regional Municipality development blog,,
The Finch,"22 Dawson Street, Dartmouth",-1,-1,6,-1,-1,https://halifaxdevelopments.files.wordpress.com/2024/01/20240111_1418416026558082749555610.jpg?w=1024,https://halifaxdevelopments.ca/2024/01/13/the-finch-2/,Halifax Regional Municipality development blog,,
The Finch,"22 Dawson Street, Dartmouth",-1,$19.8M,7,110,-1,https://halifaxdevelopments.files.wordpress.com/2023/12/20231207_142035.jpg?w=1024,https://halifaxdevelopments.ca/2023/12/08/the-finch/,Halifax Regional Municipality development blog,,
THE GOVERNOR,1441 Hollis Street (@ Bishop),Killiam REIT,-1,6,,Mixed Use,https://halifaxdevelopments.files.wordpress.com/2023/11/20231126_142410.jpg?w=1024,https://halifaxdevelopments.ca/2023/11/28/the-governor-3/,Halifax Regional Municipality development blog,12,
The Governor,1451 Hollis,-1,-1,-1,,-1,-1,-1,Halifax Regional Municipality development blog,-1,
The Governor,1453 Hollis,-1,-1,-1,,-1,-1,-1,Halifax Regional Municipality development blog,-1,
Governor’s Plaza,-1,-1,-1,-1,,-1,-1,-1,Halifax Regional Municipality development blog,-1,
Greenfield Estates,"330 Broad Street, Bedford",Parkers Brook Homes,$14.7 M,5,72,Residential,https://halifaxdevelopments.files.wordpress.com/2024/02/20240211_1358326081553109676460866.jpg?w=1024,https://halifaxdevelopments.ca/2024/02/13/greenfield-estates-2/,Halifax Regional Municipality development blog,,
Greenfield Estates,"330 Broad Street, Bedford",Parkers Brook Homes,$14.7 M,5,72,Residential,https://halifaxdevelopments.files.wordpress.com/2024/01/20240120_1557222196661337376985748.jpg?w=1024,https://halifaxdevelopments.ca/2024/01/21/greenfield-estates/,Halifax Regional Municipality development blog,,
Greenfield Estates,330 Broad Street,-1,-1,-1,-1,Residential,-1,-1,Halifax Regional Municipality development blog,,
The Interchange,"3500 Joseph Howe Drive, Halifax",Banc Group,$42.8 M,13,,Mixed-Use,https://halifaxdevelopments.files.wordpress.com/2024/03/20240309_1658404129067783173959433.jpg?w=1024,https://halifaxdevelopments.ca/2024/03/10/the-interchange-3/,Halifax Regional Municipality development blog,324,
The Interchange,"3514 Joseph Howe Drive, Halifax",Banc Group,-1,12,,-1,https://halifaxdevelopments.files.wordpress.com/2023/12/20231216_1404314000074533781686775.jpg?w=1024,-1,Halifax Regional Municipality development blog,-1,
I.W.K. Emergency Department,"University Avenue, Halifax",-1,-1,-1,-1,-1,https://halifaxdevelopments.files.wordpress.com/2023/12/20231231_1433134561585514962240691.jpg?w=1024,https://halifaxdevelopments.ca/2023/12/31/i-w-k-emergency-department/,Halifax Regional Municipality development blog,,
The Kevel at King’s Wharf,"16 King’s Wharf Place, Dartmouth",The Anchorage,$47.5 M,27,220,Mixed-Use,https://halifaxdevelopments.files.wordpress.com/2024/03/20240322_1356411311275721938002559.jpg?w=1024,https://halifaxdevelopments.ca/2024/03/23/the-kevel-at-kings-wharf-6/,Halifax Regional Municipality development blog,,
The Kevel at King’s Wharf,"16 King’s Wharf Place, Dartmouth",The Anchorage,$47.5 M,27,220,Mixed-Use,https://halifaxdevelopments.files.wordpress.com/2024/02/20240221_1407427466796153839777738.jpg?w=1024,https://halifaxdevelopments.ca/2024/02/23/the-kevel-at-kings-wharf-5/,Halifax Regional Municipality development blog,,
The Kevel at King’s Wharf,"16 King’s Wharf Place, Dartmouth",The Anchorage,$47.5 M,27,220,Mixed-Use,https://halifaxdevelopments.files.wordpress.com/2024/02/20240202_1346143083050734952697534.jpg?w=1024,https://halifaxdevelopments.ca/2024/02/03/the-kevel-at-kings-wharf-4/,Halifax Regional Municipality development blog,,
The Kevel at King’s Wharf,"16 King’s Wharf Place, Dartmouth",The Anchorage,$47.5 M,27,220,Mixed-Use,https://halifaxdevelopments.files.wordpress.com/2024/01/20240124_1330113055701680847522353.jpg?w=1024,https://halifaxdevelopments.ca/2024/01/26/the-kevel-at-kings-wharf-3/,Halifax Regional Municipality development blog,,
The Kevel at King’s Wharf,26 King’s Wharf Place,Unknown,-1,27,-1,Mixed Use,https://halifaxdevelopments.files.wordpress.com/2024/01/20240105_1414026749130675030844544.jpg?w=1024,https://halifaxdevelopments.ca/2024/01/06/the-kevel-at-kings-wharf-2/,Halifax Regional Municipality development blog,,
The Kevel – King’s Wharf,26 King’s Wharf Place,Unknown,-1,27,-1,Mixed Use,https://halifaxdevelopments.files.wordpress.com/2023/12/20231221_1413386791905090448223827.jpg?w=1024,https://halifaxdevelopments.ca/2023/12/23/kings-wharf-8/,Halifax Regional Municipality development blog,,
The Kevel at King’s Wharf,26 King’s Wharf Place,Unknown,-1,27,-1,Mixed Use,https://halifaxdevelopments.files.wordpress.com/2023/12/20231205_132551.jpg?w=1024,https://halifaxdevelopments.ca/2023/12/06/the-kevel-at-kings-wharf/,Halifax Regional Municipality development blog,,
Lancaster Villas,"4 Lancaster Drive, Dartmouth",Baker Drive Developments,$44.0 M,7,176,Residential,https://halifaxdevelopments.files.wordpress.com/2024/03/20240322_1434054105981155645977758.jpg?w=1024,https://halifaxdevelopments.ca/2024/03/24/lancaster-villas-5/,Halifax Regional Municipality development blog,,
Lancaster Villas,"4 Lancaster Drive, Dartmouth",Baker Drive Developments,$44.0 M,7,176,Residential,https://halifaxdevelopments.files.wordpress.com/2024/03/20240316_1313004357374162925119876.jpg?w=1024,https://halifaxdevelopments.ca/2024/03/17/lancaster-villas-4/,Halifax Regional Municipality development blog,,
Lancaster Villas,"4 Lancaster Drive, Dartmouth",Baker Drive Developments,$44.0 M,7,176,Residential,https://halifaxdevelopments.files.wordpress.com/2024/02/20240208_1432357509471757774370073.jpg?w=1024,https://halifaxdevelopments.ca/2024/02/09/lancaster-villas-3/,Halifax Regional Municipality development blog,,
Lancaster Villas,"4 & 6 Lancaster Drive, Dartmouth",Baker Drive Developments,-1,7,352,Residential,https://halifaxdevelopments.files.wordpress.com/2024/01/20240109_1357433038781477115452661.jpg?w=1024,https://halifaxdevelopments.ca/2024/01/11/lancaster-villas-2/,Halifax Regional Municipality development blog,,
Lancaster Villas,-1,Baker Drive Developments,-1,8,0,Residential,https://halifaxdevelopments.files.wordpress.com/2023/12/20231206_140924.jpg?w=1024,https://halifaxdevelopments.ca/2023/12/07/lancaster-villas/,Halifax Regional Municipality development blog,,
Lock Suites,"1120 Wellington Street, Halifax",Banc Group,$13 M,9,101,1,https://halifaxdevelopments.files.wordpress.com/2024/03/20240317_1509113797612948817436977.jpg?w=1024,https://halifaxdevelopments.ca/2024/03/18/lock-suites-2/,Halifax Regional Municipality development blog,,
LOCK SUITES,-1,Banc Group,-1,8,-1,0,https://halifaxdevelopments.files.wordpress.com/2023/11/20231126_143059.jpg?w=1024,https://halifaxdevelopments.ca/2023/11/29/lock-suites/,Halifax Regional Municipality development blog,,
Lock Suites,1110 Wellington,-1,-1,-1,-1,-1,-1,-1,Halifax Regional Municipality development blog,,
Lock Suites,1110 Wellington,-1,-1,-1,-1,-1,-1,-1,Halifax Regional Municipality development blog,,
Lock Suites,1110 Wellington,-1,-1,-1,-1,-1,-1,-1,Halifax Regional Municipality development blog,,
Macara Presidio,"5516 Macara Street, Halifax",-1,$12 M,7,60,0,https://halifaxdevelopments.files.wordpress.com/2024/03/20240304_1338382323171465402486290.jpg?w=1024,https://halifaxdevelopments.ca/2024/03/05/macara-presidio/,Halifax Regional Municipality development blog,,
Macara Presidio (2866 Gottingen),-1,-1,-1,-1,-1,-1,-1,-1,Halifax Regional Municipality development blog,,
Macara Presidio,-1,-1,-1,-1,-1,-1,-1,-1,Halifax Regional Municipality development blog,,
Main Street Centre,"139 Main Street, Dartmouth",Affirmative Ventures,-1,6,45,Mixed Use,https://halifaxdevelopments.files.wordpress.com/2023/12/20231223_1551307770724430159723565.jpg?w=1024,https://halifaxdevelopments.ca/2023/12/26/main-street-centre/,Halifax Regional Municipality development blog,,
Main Street Centre,-1,Affirmative Ventures,-1,6,-1,Mixed Use,https://halifaxdevelopments.files.wordpress.com/2024/01/20240112_1418581340774926210259910.jpg?w=1024,https://halifaxdevelopments.ca/2024/01/14/main-street-centre-2/,Halifax Regional Municipality development blog,,
The Marlstone,"1871 Albemarle Street, Halifax",Crombie REIT,$72.8M,19,,-1,https://halifaxdevelopments.files.wordpress.com/2024/03/20240317_1438224771502571708193469.jpg?w=1024,https://halifaxdevelopments.ca/2024/03/18/the-marlstone-2/,Halifax Regional Municipality development blog,291,
The Marlstone,"1871 Albemarle Street, Halifax",Crombie REIT,$72.8M,19,,-1,https://halifaxdevelopments.files.wordpress.com/2023/12/20231220_1319443040133321719458752.jpg?w=1024,https://halifaxdevelopments.ca/2023/12/21/the-marlstone/,Halifax Regional Municipality development blog,291,
Maynard Suites,"2562 Maynard Street, Halifax",Maynard Holdings Ltd,$13.4 M,7,84,Residential,https://halifaxdevelopments.files.wordpress.com/2024/03/20240319_1305446910947272190699499.jpg?w=1024,https://halifaxdevelopments.ca/2024/03/20/maynard-suites-5/,Halifax Regional Municipality development blog,,
Maynard Suites,"2562 Maynard Street, Halifax",Maynard Holdings Ltd,$13.4 M,7,84,Residential,https://halifaxdevelopments.files.wordpress.com/2024/01/20240130_1356193571827369197319757.jpg?w=1024,https://halifaxdevelopments.ca/2024/01/31/maynard-suites-4/,Halifax Regional Municipality development blog,,
Maynard Suites,"2562 Maynard Street, Halifax",Maynard Holdings Ltd,-1,7,-1,Residential,https://halifaxdevelopments.files.wordpress.com/2024/01/20240107_1405045372561053701369421.jpg?w=1024,https://halifaxdevelopments.ca/2024/01/07/maynard-suites-3/,Halifax Regional Municipality development blog,,
Maynard Suites,"2562 Maynard Street, Halifax",Maynard Holdings,-1,7,-1,Residential,https://halifaxdevelopments.files.wordpress.com/2023/12/20231228_1319334454797665305697301.jpg?w=1024,https://halifaxdevelopments.ca/2023/12/29/maynard-suites-2/,Halifax Regional Municipality development blog,,
Maynard Suites,"2562 Maynard Street, Halifax",-1,-1,7,-1,Residential,https://halifaxdevelopments.files.wordpress.com/2023/12/20231205_123054.jpg?w=1024,https://halifaxdevelopments.ca/2023/12/05/maynard-suites/,Halifax Regional Municipality development blog,,
Millenia Suites,"2621 Clifton Street, Halifax",Emerald Property Investments,$14 M,8,53,Residential,https://halifaxdevelopments.files.wordpress.com/2024/02/20240219_1503428978950191753153292.jpg?w=1024,https://halifaxdevelopments.ca/2024/02/21/millenia-suites-2/,Halifax Regional Municipality development blog,,
2621 Clifton,"2621 Clifton Street, Halifax",RoMa Developments,$14 M,8,53,Residential,https://halifaxdevelopments.files.wordpress.com/2024/01/20240121_1453127893433926344198011.jpg?w=1024,https://halifaxdevelopments.ca/2024/01/24/2621-clifton-6/,Halifax Regional Municipality development blog,,
2621 Clifton,"2621 Clifton Street, Halifax",RoMa Developments,-1,-1,-1,Residential,-1,https://halifaxdevelopments.ca/2024/01/12/2621-clifton-5/,Halifax Regional Municipality development blog,,
2621 Clifton,"2621 Clifton Street, Halifax",-1,-1,-1,-1,Residential,https://halifaxdevelopments.files.wordpress.com/2023/12/20231209_135753.jpg?w=1024,-1,Halifax Regional Municipality development blog,,
2621 Clifton,"2621 Clifton Street, Halifax",RoMa Developments,-1,8,53,Residential,-1,https://halifaxdevelopments.ca/2023/12/11/2621-clifton-3/,Halifax Regional Municipality development blog,,
Moffatt’s Pharmacy,"186 Portland Street, Dartmouth",-1,-1,7,-1,0,https://halifaxdevelopments.files.wordpress.com/2024/02/20240217_1704153956350019166763075.jpg?w=1024,https://halifaxdevelopments.ca/2024/02/18/moffatts-pharmacy-2/,Halifax Regional Municipality development blog,,
Moffatt’s Pharmacy,"190 Portland Street, Dartmouth",-1,-1,15,-1,-1,https://halifaxdevelopments.files.wordpress.com/2023/12/20231205_133709.jpg?w=1024,https://halifaxdevelopments.ca/2023/12/06/moffatts-pharmacy/,Halifax Regional Municipality development blog,,
The Trinity & Moxy Hotel,"5415 Cogswell Street, Halifax",Templeton Properties,,21,? Units,Mixed-Use,https://halifaxdevelopments.files.wordpress.com/2024/02/20240223_1339342821958788698941770.jpg?w=1024,https://halifaxdevelopments.ca/2024/02/24/the-trinity-moxy-hotel/,Halifax Regional Municipality development blog,,?
Moxy Hotel & The Trinity,"5415 Cogswell Street, Halifax",Templeton Properties,,21,? Units,Mixed-Use,https://halifaxdevelopments.files.wordpress.com/2024/01/20240122_1319393975421501184862674.jpg?w=1024,https://halifaxdevelopments.ca/2024/01/25/moxy-hotel-the-trinity-3/,Halifax Regional Municipality development blog,,?
Moxy Hotel & The Trinity,"5415 Cogswell Street, Halifax",Jono Developments,,21,Mixed Use,-1,https://halifaxdevelopments.files.wordpress.com/2024/01/20240109_1258397755961711082093884.jpg?w=1024,https://halifaxdevelopments.ca/2024/01/10/moxy-hotel-the-trinity-2/,Halifax Regional Municipality development blog,,?
Moxy Hotel & The Trinity,"5415 Cogswell Street, Halifax",Jono Developments,,21,Mixed Use,-1,https://halifaxdevelopments.files.wordpress.com/2024/01/20240101_1402103627557567298354389.jpg?w=1024,https://halifaxdevelopments.ca/2024/01/03/6798/,Halifax Regional Municipality development blog,,?
Moxy Hotel & The Trinity,"5415 Cogswell @ Brunswick, Halifax",Jono Developments,,21,Mixed Use,-1,https://halifaxdevelopments.files.wordpress.com/2023/12/20231210_133434.jpg?w=1024,https://halifaxdevelopments.ca/2023/12/13/moxy-hotel-the-trinity/,Halifax Regional Municipality development blog,,?
MZM Tower,"75 Wentworth Drive, Halifax",W.M. Fares,$18.1 M,19,,1,https://halifaxdevelopments.files.wordpress.com/2024/02/20240218_1505397423991633533822508.jpg?w=1024,https://halifaxdevelopments.ca/2024/02/18/mzm-tower/,Halifax Regional Municipality development blog,105,
Stonehaven at Rockingham,"75 Wentworth Drive, Halifax",WM Fares,-1,19,,-1,https://halifaxdevelopments.files.wordpress.com/2023/12/20231202_130418.jpg?w=1024,https://halifaxdevelopments.ca/2023/12/03/stonehaven-at-rockingham-south/,Halifax Regional Municipality development blog,114,
75 Wentworth,-1,-1,-1,-1,,-1,-1,-1,Halifax Regional Municipality development blog,-1,
-1,-1,-1,-1,-1,-1,-1,https://halifaxdevelopments.files.wordpress.com/2023/12/20231217_130823309728207014457356.jpg?w=1024,https://halifaxdevelopments.ca/2023/12/17/dec-17-23-permits/,Halifax Regional Municipality development blog,,
The Nook II,"2487 Maynard Street, Halifax",Thrive Properties,$5.5M,5,29,Residential,https://halifaxdevelopments.files.wordpress.com/2024/02/20240215_1335201661822932721294199.jpg?w=1024,https://halifaxdevelopments.ca/2024/02/15/the-nook-ii/,Halifax Regional Municipality development blog,,
The Nook,"2487 Maynard Street, Halifax",Thrive Properties,-1,-1,-1,-1,-1,-1,Halifax Regional Municipality development blog,,
Northwood Gardens,"239 Gary Martin Drive, Bedford",Northwood,$13.3M,4,,Residential,https://halifaxdevelopments.files.wordpress.com/2024/01/20240120_154755185735860189761973.jpg?w=1024,https://halifaxdevelopments.ca/2024/01/22/northwood-gardens/,Halifax Regional Municipality development blog,75,
-1,"239 Gary Martin Drive, Bedford",NovaCorp,-1,-1,,-1,-1,-1,Halifax Regional Municipality development blog,-1,
North Oxford,"2619 Oxford Street, Halifax",Mosaik Properties,$18M,7,128,1,https://halifaxdevelopments.files.wordpress.com/2024/03/20240312_1346432637063913796084727.jpg?w=1024,https://halifaxdevelopments.ca/2024/03/13/north-oxford/,Halifax Regional Municipality development blog,,
Oxford North,6395 North,Mosaik Properties,-1,-1,-1,-1,-1,-1,Halifax Regional Municipality development blog,,
6399 North,-1,-1,-1,-1,-1,-1,-1,-1,Halifax Regional Municipality development blog,,
North Station,"2766 Gladstone Street, Halifax",G Corp Ltd,-1,8,,Mixed Use,https://halifaxdevelopments.files.wordpress.com/2023/12/20231209_134854.jpg?w=1024,https://halifaxdevelopments.ca/2023/12/11/north-station-3/,Halifax Regional Municipality development blog,86,
North Station,"2766 Gladstone Street, Halifax",G Corp Ltd,-1,8,,Mixed Use,-1,-1,Halifax Regional Municipality development blog,-1,
North Station,"2766 Gladstone Street, Halifax",-1,-1,-1,,-1,-1,-1,Halifax Regional Municipality development blog,-1,
North Station,"2766 Gladstone Street, Halifax",-1,-1,-1,,-1,-1,-1,Halifax Regional Municipality development blog,-1,
North Station,"2766 Gladstone Street, Halifax",-1,-1,-1,,-1,-1,-1,Halifax Regional Municipality development blog,-1,
North Station,"2766 Gladstone Street, Halifax",-1,-1,-1,,-1,-1,-1,Halifax Regional Municipality development blog,-1,
North Station,"2766 Gladstone Street, Halifax",-1,-1,-1,,-1,-1,-1,Halifax Regional Municipality development blog,-1,
North Station,"2766 Gladstone Street, Halifax",-1,-1,-1,,-1,-1,-1,Halifax Regional Municipality development blog,-1,
North Station,"2740 Gladstone, Halifax",-1,-1,-1,,-1,-1,-1,Halifax Regional Municipality development blog,-1,
North Station,"2766 Gladstone Street, Halifax",-1,-1,-1,,-1,-1,-1,Halifax Regional Municipality development blog,-1,
NRTH Condos,"5511 Bilby Street, Halifax",Urban Capital,$18 M,8,71,Mixed-Use,https://halifaxdevelopments.files.wordpress.com/2024/03/20240321_1322545955124446992306373.jpg?w=1024,https://halifaxdevelopments.ca/2024/03/22/nrth-condos-16/,Halifax Regional Municipality development blog,,
NRTH Condos,"5511 Bilby Street, Halifax",Urban Capital,$18 M,8,71,Mixed-Use,https://halifaxdevelopments.files.wordpress.com/2024/03/20240304_1334303169567885842065802.jpg?w=1024,https://halifaxdevelopments.ca/2024/03/05/nrth-condos-15/,Halifax Regional Municipality development blog,,
NRTH Condos,"5511 Bilby Street, Halifax",Urban Capital,$18 M,8,71,Mixed-Use,https://halifaxdevelopments.files.wordpress.com/2024/02/20240227_1307128126108008521530832.jpg?w=1024,https://halifaxdevelopments.ca/2024/02/28/nrth-condos-14/,Halifax Regional Municipality development blog,,
NRTH Condos,"5511 Bilby Street, Halifax",Urban Capital,$18 M,8,71,Mixed-Use,https://halifaxdevelopments.files.wordpress.com/2024/02/20240219_14453123767637412216876.jpg?w=1024,https://halifaxdevelopments.ca/2024/02/20/nrth-condos-13/,Halifax Regional Municipality development blog,,
NRTH Condos,"5511 Bilby Street, Halifax",Urban Capital,$18 M,8,71,Mixed-Use,https://halifaxdevelopments.files.wordpress.com/2024/02/20240208_1318472720828269983230118.jpg?w=1024,https://halifaxdevelopments.ca/2024/02/09/nrth-condos-12/,Halifax Regional Municipality development blog,,
NRTH Condos,"5511 Bilby Street, Halifax",Urban Capital,$18 M,8,71,Mixed-Use,https://halifaxdevelopments.files.wordpress.com/2024/02/20240201_1309588242235751133866416.jpg?w=1024,https://halifaxdevelopments.ca/2024/02/02/nrth-condos-11/,Halifax Regional Municipality development blog,,
NRTH Condos,"5511 Bilby Street, Halifax",Urban Capital,$18 M,8,71,Mixed-Use,https://halifaxdevelopments.files.wordpress.com/2024/01/20240123_1208588185813378545701931.jpg?w=1024,https://halifaxdevelopments.ca/2024/01/26/nrth-condos-10/,Halifax Regional Municipality development blog,,
NRTH Condos,"5511 Bilby Street, Halifax",Urban Capital,$18 M,8,71,Mixed-Use,https://halifaxdevelopments.files.wordpress.com/2024/01/20240115_1254359157141273221338137.jpg?w=1024,https://halifaxdevelopments.ca/2024/01/17/nrth-condos-9/,Halifax Regional Municipality development blog,,
NRTH Condos,"5511 Bilby Street, Halifax",Urban Capital,-1,8,-1,Mixed Use,https://halifaxdevelopments.files.wordpress.com/2024/01/20240107_1419357405321697025570608.jpg?w=1024,https://halifaxdevelopments.ca/2024/01/08/nrth-condos-8/,Halifax Regional Municipality development blog,,
NRTH Condos,"5511 Bilby Street, Halifax",Urban Capital,-1,8,-1,Mixed Use,https://halifaxdevelopments.files.wordpress.com/2023/12/20231215_1258093605918145242753854.jpg?w=1024,https://halifaxdevelopments.ca/2023/12/15/nrth-condos-7/,Halifax Regional Municipality development blog,,
NSCC Waterfront Residence,-1,-1,-1,-1,,-1,https://halifaxdevelopments.files.wordpress.com/2024/01/20240124_1335462194026368212683301.jpg?w=1024,https://halifaxdevelopments.ca/2024/01/26/nscc-waterfront-residence/,Halifax Regional Municipality development blog,-1,
NSCC Student Residences,-1,-1,-1,5,,-1,https://halifaxdevelopments.files.wordpress.com/2023/12/20231126_140232.jpg?w=1024,https://halifaxdevelopments.ca/2023/12/06/nscc-waterfront-campus-residences/,Halifax Regional Municipality development blog,-1,
Ocean Vista,"2215 Gottingen Street, Halifax",RoMa Developments,$31 M,20,142,Mixed Use,https://halifaxdevelopments.files.wordpress.com/2024/03/20240320_1231351672845466025588069.jpg?w=1024,https://halifaxdevelopments.ca/2024/03/22/ocean-vista-13/,Halifax Regional Municipality development blog,,
Ocean Vista,"2215 Gottingen Street, Halifax",RoMa Developments,$31 M,20,142,Mixed Use,https://halifaxdevelopments.files.wordpress.com/2024/03/20240313_1335364813517323695487776.jpg?w=1024,https://halifaxdevelopments.ca/2024/03/14/ocean-vista-12/,Halifax Regional Municipality development blog,,
Ocean Vista,"2215 Gottingen Street, Halifax",RoMa Developments,$31 M,20,142,Mixed Use,https://halifaxdevelopments.files.wordpress.com/2024/03/20240306_1258596369318691752954387.jpg?w=1024,https://halifaxdevelopments.ca/2024/03/08/ocean-vista-11/,Halifax Regional Municipality development blog,,
Ocean Vista,"2215 Gottingen Street, Halifax",RoMa Developments,$31 M,20,142,Mixed Use,https://halifaxdevelopments.files.wordpress.com/2024/02/20240226_1344047479830631822928023.jpg?w=1024,https://halifaxdevelopments.ca/2024/02/27/ocean-vista-10/,Halifax Regional Municipality development blog,,
Ocean Vista,"2215 Gottingen Street, Halifax",RoMa Developments,$31 M,20,142,Mixed Use,https://halifaxdevelopments.files.wordpress.com/2024/02/20240223_133137848581297984553967.jpg?w=1024,https://halifaxdevelopments.ca/2024/02/24/ocean-vista-9/,Halifax Regional Municipality development blog,,
Ocean Vista,"2215 Gottingen Street, Halifax",RoMa Developments,$31 M,20,142,Mixed Use,https://halifaxdevelopments.files.wordpress.com/2024/02/20240215_1322575834274375715227799.jpg?w=1024,https://halifaxdevelopments.ca/2024/02/16/ocean-vista-8/,Halifax Regional Municipality development blog,,
Ocean Vista,"2215 Gottingen Street, Halifax",RoMa Developments,$31 M,20,142,Mixed Use,https://halifaxdevelopments.files.wordpress.com/2024/02/20240209_1300096614106281083940315.jpg?w=1024,https://halifaxdevelopments.ca/2024/02/10/ocean-vista-7/,Halifax Regional Municipality development blog,,
Ocean Vista,"2215 Gottingen Street, Halifax",RoMa Developments,$31 M,20,142,Mixed Use,https://halifaxdevelopments.files.wordpress.com/2024/01/20240117_1333502949319957872387692.jpg?w=1024,https://halifaxdevelopments.ca/2024/01/19/ocean-vista-6/,Halifax Regional Municipality development blog,,
Ocean Vista,"2215 Gottingen Street, Halifax",RoMa Developments,$31 M,20,142,Mixed Use,https://halifaxdevelopments.files.wordpress.com/2024/01/20240109_1250182282457639432596699.jpg?w=1024,https://halifaxdevelopments.ca/2024/01/10/ocean-vista-5/,Halifax Regional Municipality development blog,,
Ocean Vista,"2215 Gottingen Street, Halifax",RoMa Developments,$31 M,20,142,Mixed Use,https://halifaxdevelopments.files.wordpress.com/2024/01/20240103_1327206895438660840044611.jpg?w=1024,https://halifaxdevelopments.ca/2024/01/05/ocean-vista-4/,Halifax Regional Municipality development blog,,
The Olympic,"1140 Barrington Street, Halifax",George’s Investments,,8,7,Mixed Use,https://halifaxdevelopments.files.wordpress.com/2024/02/20240218_1610284343635499761517918.jpg?w=1024,https://halifaxdevelopments.ca/2024/02/20/the-olympic-3/,Halifax Regional Municipality development blog,,$9.4M
The Olympic,"1140 Barrington Street, Halifax",George’s Investments,,8,47,Mixed Use,https://halifaxdevelopments.files.wordpress.com/2024/01/20240108_1317597322944218063595078.jpg?w=1024,https://halifaxdevelopments.ca/2024/01/09/the-olympic-2/,Halifax Regional Municipality development blog,,-1
THE OLYMPIC,"1140 Barrington Street, Halifax",George’s Investments Ltd,,8,47,Residential with GF Commercial,https://halifaxdevelopments.files.wordpress.com/2023/11/20231126_133047.jpg?w=1024,https://halifaxdevelopments.ca/2023/11/27/the-olympic/,Halifax Regional Municipality development blog,,-1
One 77,"7177 Quinpool Road, Halifax",Page Property Ltd,-1,32,77,Mixed Use,https://halifaxdevelopments.files.wordpress.com/2024/01/20240108_13395342485539806142254.jpg?w=1024,https://halifaxdevelopments.ca/2024/01/09/one-77-2/,Halifax Regional Municipality development blog,,
One 77,"7177 Quinpool Road, Halifax",One77 Developments,-1,32,77,Residential,https://halifaxdevelopments.files.wordpress.com/2023/12/20231202_123250.jpg?w=1024,https://halifaxdevelopments.ca/2023/12/03/one-77/,Halifax Regional Municipality development blog,,
7177 Quinpool,-1,-1,-1,-1,-1,-1,-1,-1,Halifax Regional Municipality development blog,,
7177 Quinpool,-1,-1,-1,-1,-1,-1,-1,-1,Halifax Regional Municipality development blog,,
7177 Quinpool,-1,-1,-1,-1,-1,-1,-1,-1,Halifax Regional Municipality development blog,,
7177 Quinpool,-1,-1,-1,-1,-1,-1,-1,-1,Halifax Regional Municipality development blog,,
7177 Quinpool,-1,-1,-1,-1,-1,-1,-1,-1,Halifax Regional Municipality development blog,,
7177 Quinpool,7177 Quinpool,Armdale Roundabout,-1,32,77,Residential,-1,-1,Halifax Regional Municipality development blog,,
Parish Square,"3840 Joseph Howe Drive, Halifax",Hage Enterprises,$22 M,7,,1,https://halifaxdevelopments.files.wordpress.com/2024/01/20240128_1407232066269632560015841.jpg?w=1024,https://halifaxdevelopments.ca/2024/01/29/parish-square-2/,Halifax Regional Municipality development blog,110,
Parish Square,"3840 Joseph Howe Drive, Halifax",Hage Enterprises,-1,7,,-1,https://halifaxdevelopments.files.wordpress.com/2023/12/20231216_1420062155078325444542238.jpg?w=1024,https://halifaxdevelopments.ca/2023/12/18/parish-square/,Halifax Regional Municipality development blog,110,
-1,3840 Joseph Howe,-1,-1,-1,,-1,-1,-1,Halifax Regional Municipality development blog,-1,
Parkland at the Commons,"6015 Quinpool Road, Halifax",Shannex Developments,$38.3 M,26,,Mixed-Use,https://halifaxdevelopments.files.wordpress.com/2024/03/20240317_1523181150712722285356158.jpg?w=1024,https://halifaxdevelopments.ca/2024/03/19/parkland-at-the-commons-6/,Halifax Regional Municipality development blog,226,
Parkland at the Common,"6015 Quinpool Road, Halifax",Shannex Developments,$38.3 M,26,,Mixed-Use,https://halifaxdevelopments.files.wordpress.com/2024/02/20240207_1334112458781382635903923.jpg?w=1024,https://halifaxdevelopments.ca/2024/02/07/parkland-at-the-common/,Halifax Regional Municipality development blog,226,
Parkland at the Commons,"6009 Quinpool Road, Halifax",Shannex Developments,-1,25,,Assisted Care,https://halifaxdevelopments.files.wordpress.com/2023/12/20231230_1455073960167241242935337.jpg?w=1024,https://halifaxdevelopments.ca/2023/12/31/parkland-at-the-commons-4/,Halifax Regional Municipality development blog,-1,
Parkland at the Commons,"6009 Quinpool Road, Halifax",Shannex Developments Ltd,-1,25,,-1,https://halifaxdevelopments.files.wordpress.com/2023/12/20231202_120447.jpg?w=1024,https://halifaxdevelopments.ca/2023/12/02/parkland-at-the-commons-3/,Halifax Regional Municipality development blog,-1,
Port West,"3644 Dutch Village Road, Halifax",United Gulf,$12.4M,8,,Mixed-Use,https://halifaxdevelopments.files.wordpress.com/2024/01/20240128_1430219083114538454603999.jpg?w=1024,https://halifaxdevelopments.ca/2024/01/30/port-west-2/,Halifax Regional Municipality development blog,74,
Port West,"3644 Dutch Village Road, Halifax",United Gulf,-1,8,,Mixed Use,https://halifaxdevelopments.files.wordpress.com/2024/01/20231231_1543363963048239053365021.jpg?w=1024,https://halifaxdevelopments.ca/2024/01/02/port-west/,Halifax Regional Municipality development blog,74,
Press Block,"1730 Granville Street, Halifax",Dexel Developments,$22.8M,9,,Mixed-Use,https://halifaxdevelopments.files.wordpress.com/2024/03/20240317_1447247884702387738144592.jpg?w=1024,https://halifaxdevelopments.ca/2024/03/18/press-block-2/,Halifax Regional Municipality development blog,133,
Press Block,-1,Dexel Developments,$22.8M,9,,Mixed Use,https://halifaxdevelopments.files.wordpress.com/2023/12/20231216_1311413605173940735235253.jpg?w=1024,https://halifaxdevelopments.ca/2023/12/16/press-block/,Halifax Regional Municipality development blog,-1,
RALSTON BUILDING,1557 Hollis Street,-1,$99M,21,462,Mixed Use,https://halifaxdevelopments.files.wordpress.com/2023/11/20231126_141933.jpg?w=1024,https://halifaxdevelopments.ca/2023/11/29/ralston-building/,Halifax Regional Municipality development blog,,
Richmond Suites West,"Richmond Street, Dartmouth",-1,-1,6,,-1,https://halifaxdevelopments.files.wordpress.com/2024/01/20240118_135910464643524968485787.jpg?w=1024,https://halifaxdevelopments.ca/2024/01/20/richmond-suites-west/,Halifax Regional Municipality development blog,-1,
Richmond East (117 Richmond),-1,-1,-1,-1,,-1,-1,-1,Halifax Regional Municipality development blog,-1,
Richmond Yards,"6070 Almon Street, Halifax",Westwood Group,$41.4 M,30,,Mixed-Use,https://halifaxdevelopments.files.wordpress.com/2024/03/20240314_1323385819646235333089992.jpg?w=1024,https://halifaxdevelopments.ca/2024/03/15/richmond-yards-48/,Halifax Regional Municipality development blog,257,
Richmond Yards,"6070 Almon Street, Halifax",Westwood Group,$41.4 M,30,,Mixed-Use,https://halifaxdevelopments.files.wordpress.com/2024/02/20240222_1300078381177498713134562.jpg?w=1024,https://halifaxdevelopments.ca/2024/02/23/richmond-yards-47/,Halifax Regional Municipality development blog,257,
Richmond Yards,"6070 Almon Street, Halifax",Westwood Group,-1,1,,-1,https://halifaxdevelopments.files.wordpress.com/2024/02/20240212_1316391670768271554002993.jpg?w=1024,https://halifaxdevelopments.ca/2024/02/14/richmond-yards-46/,Halifax Regional Municipality development blog,-1,
Richmond Yards,"6070 Almon Street, Halifax",Westwood Group,$41.4 M,30,,Mixed-Use,https://halifaxdevelopments.files.wordpress.com/2024/01/20240121_1441098143572641202932305.jpg?w=1024,https://halifaxdevelopments.ca/2024/01/24/richmond-yards-45/,Halifax Regional Municipality development blog,257,
Richmond Yards,"6070 Almon Street, Halifax",-1,-1,-1,,-1,https://halifaxdevelopments.files.wordpress.com/2024/01/20240111_1333136536881688374099873.jpg?w=1024,https://halifaxdevelopments.ca/2024/01/13/richmond-yards-44/,Halifax Regional Municipality development blog,-1,
Richmond Yards,"6070 Almon Street, Halifax",Westwood Group,-1,32,,Mixed Use,https://halifaxdevelopments.files.wordpress.com/2024/01/20240104_1331566969655632573605263.jpg?w=1024,https://halifaxdevelopments.ca/2024/01/06/richmond-yards-43/,Halifax Regional Municipality development blog,-1,
Richmond Yards,"6070 Almon Street, Halifax",Westwood Group,-1,32,,Mixed Use,https://halifaxdevelopments.files.wordpress.com/2023/12/20231228_1333245747391318291607328.jpg?w=1024,https://halifaxdevelopments.ca/2023/12/30/richmond-yards-42/,Halifax Regional Municipality development blog,8,
Robie & May,"2705 Robie Street, Halifax",Phoenix Development,$ ?,8,,Mixed-Use,https://halifaxdevelopments.files.wordpress.com/2024/03/20240304_1349132153486056171086420.jpg?w=1024,https://halifaxdevelopments.ca/2024/03/06/robie-may-3/,Halifax Regional Municipality development blog,88,
Robie May,"2705 Robie Street, Halifax",Phoenix Development,$ ?,8,,Mixed-Use,https://halifaxdevelopments.files.wordpress.com/2024/01/20240130_13490645185628603303465.jpg?w=1024,https://halifaxdevelopments.ca/2024/01/31/robie-may-2/,Halifax Regional Municipality development blog,88,
Robie & May,"2705 Robie Street, Halifax",Phoenix Development,Not Available,-1,,-1,https://halifaxdevelopments.files.wordpress.com/2024/01/20240121_1436047915154033353260378.jpg?w=1024,https://halifaxdevelopments.ca/2024/01/24/robie-may/,Halifax Regional Municipality development blog,-1,
Rockingham Station,"205 Bedford Highway, Halifax",Rockingham Station Ltd,-1,8,,-1,https://halifaxdevelopments.files.wordpress.com/2023/12/20231226_1323077987563189561382564.jpg?w=1024,https://halifaxdevelopments.ca/2023/12/28/rockingham-station-2/,Halifax Regional Municipality development blog,Mixed Use,
Rockingham Station,"205 Bedford Highway (@ Flamingo), Halifax",Rockingham Station Ltd,-1,8,,-1,https://halifaxdevelopments.files.wordpress.com/2023/11/20231125_155601.jpg?w=1024,https://halifaxdevelopments.ca/2023/11/25/rockingham-station/,Halifax Regional Municipality development blog,55,
Rockingham Station,"205 Bedford Highway, Halifax",-1,-1,-1,,-1,-1,-1,Halifax Regional Municipality development blog,-1,
205 Bedford Highway Redevelopment,"205 Bedford Highway, Halifax",-1,-1,-1,,-1,-1,-1,Halifax Regional Municipality development blog,-1,
The Rooks of West Bedford,"16 Rooksview Lane, Bedford",Unknown,$46.4 M,2×15,,-1,https://halifaxdevelopments.files.wordpress.com/2024/03/20240303_1432481864381102160440994.jpg?w=1024,https://halifaxdevelopments.ca/2024/03/04/the-rooks-of-west-bedford-4/,Halifax Regional Municipality development blog,290 Units Total,
The Rooks of West Bedford,"16 Rooksview Lane, Bedford",Unknown,$46.4 M,2×15,,-1,https://halifaxdevelopments.files.wordpress.com/2024/02/20240211_1353338687298691294616983.jpg?w=1024,https://halifaxdevelopments.ca/2024/02/12/the-rooks-of-west-bedford-3/,Halifax Regional Municipality development blog,290 Units Total,
The Rooks of West Bedford,"Rooksview Lane, Bedford",-1,-1,4×14,,-1,https://halifaxdevelopments.files.wordpress.com/2023/12/20231225_1259372691453423709611985.jpg?w=1024,https://halifaxdevelopments.ca/2023/12/27/the-rooks-of-west-bedford-2/,Halifax Regional Municipality development blog,-1,
The Rooks Of West Bedford,"Rooksview Lane, Bedford",-1,-1,4×15,,-1,https://halifaxdevelopments.files.wordpress.com/2023/12/20231217_130648542243888457063391.jpg?w=1024,https://halifaxdevelopments.ca/2023/12/19/the-rooks-of-west-bedford/,Halifax Regional Municipality development blog,-1,
SKYE HALIFAX,"Hollis & Sackville, Halifax",United Gulf Developments,-1,21,-1,Mixed Use,https://halifaxdevelopments.files.wordpress.com/2023/11/20231126_141738.jpg?w=1024,https://halifaxdevelopments.ca/2023/11/28/skye-halifax/,Halifax Regional Municipality development blog,,
Brunswick Supportive Housing,"2445 Brunswick Street, Halifax",Soicety of Saint Vincent de Paul,$11 M,4,,Residential,https://halifaxdevelopments.files.wordpress.com/2024/02/20240226_1328392776080866654497889.jpg?w=1024,https://halifaxdevelopments.ca/2024/02/27/brunswick-supportive-housing/,Halifax Regional Municipality development blog,38,
Brunswick Support Housing,-1,Society of Saint Vincent de Paul,-1,4,,Supportive Housing,https://halifaxdevelopments.files.wordpress.com/2023/12/20231210_131723.jpg?w=1024,https://halifaxdevelopments.ca/2023/12/12/brunswick-support-housing/,Halifax Regional Municipality development blog,38,
South Village,"South Street, Halifax",Templeton Properties,-1,9,-1,0,https://halifaxdevelopments.files.wordpress.com/2023/12/20231231_1421155243778377501005839.jpg?w=1024,https://halifaxdevelopments.ca/2024/01/02/south-village-3/,Halifax Regional Municipality development blog,,
South Village,-1,-1,-1,-1,-1,-1,-1,-1,Halifax Regional Municipality development blog,,
The Vuze,-1,-1,-1,-1,-1,-1,-1,-1,Halifax Regional Municipality development blog,,
South Village,-1,Templeton Properties,-1,-1,-1,-1,-1,-1,Halifax Regional Municipality development blog,,
South Village,"Fenwick Tower, Halifax",Templeton Properties,-1,-1,-1,-1,-1,-1,Halifax Regional Municipality development blog,,
The Story of Home,"210-214 Willett Street, Halifax",My Story Living,$61.6M,17,530,Mixed Use,https://halifaxdevelopments.files.wordpress.com/2024/02/20240218_1521041473885490514560478.jpg?w=1024,https://halifaxdevelopments.ca/2024/02/19/the-story-of-home/,Halifax Regional Municipality development blog,,
Story of Home,210-217 Willett Street,Hazelview Developments,$N/A,17,527,Mixed Use,https://halifaxdevelopments.files.wordpress.com/2023/12/20231202_125415.jpg?w=1024,https://halifaxdevelopments.ca/2023/12/03/story-of-home/,Halifax Regional Municipality development blog,,
The Winslow,"6211 Willow Street, Halifax",Flex Build,$15.1 M,7,84,Residential,https://halifaxdevelopments.files.wordpress.com/2024/03/20240314_1314258463988215073710582.jpg?w=1024,https://halifaxdevelopments.ca/2024/03/16/the-winslow/,Halifax Regional Municipality development blog,,
Windsor & Willow,"6211 Willow Street, Halifax",Unknown,$15.1 M,7,84,Residential,https://halifaxdevelopments.files.wordpress.com/2024/02/20240225_1434168393375750525366008.jpg?w=1024,https://halifaxdevelopments.ca/2024/02/26/windsor-willow-2/,Halifax Regional Municipality development blog,,
Windsor & Willow,"2570 Windsor Street, Halifax",Whimsical Lake Developments Ltd,-1,8,84,Residential,https://halifaxdevelopments.files.wordpress.com/2023/12/20231230_1435452795155891238540349.jpg?w=1024,https://halifaxdevelopments.ca/2023/12/31/windsor-willow/,Halifax Regional Municipality development blog,,
Windsor & Willow Apartments,-1,-1,-1,8,84,Residential,-1,-1,Halifax Regional Municipality development blog,,
The Woods,"430 Pockwock Road, Upper Hammonds Plains",Welcome Home Construction,$35.0 M,3,160,Mixed-Use,https://halifaxdevelopments.files.wordpress.com/2024/01/20240120_1429438322724061656926500.jpg?w=1024,https://halifaxdevelopments.ca/2024/01/22/the-woods/,Halifax Regional Municipality development blog,,
Wyse Tower,"5 Williams Street, Dartmouth",Boston Developments,$28.8 M,27,,Residential,https://halifaxdevelopments.files.wordpress.com/2024/03/20240314_1426003832395082634169891.jpg?w=1024,https://halifaxdevelopments.ca/2024/03/16/wyse-tower-7/,Halifax Regional Municipality development blog,162,
Wyse Tower,"5 Williams Street, Dartmouth",Boston Developments,$28.8 M,27,,Residential,https://halifaxdevelopments.files.wordpress.com/2024/03/20240308_1429555810964244976677973.jpg?w=1024,https://halifaxdevelopments.ca/2024/03/09/wyse-tower-6/,Halifax Regional Municipality development blog,162,
Wyse Tower,"5 Williams Street, Dartmouth",Boston Developments,$28.8 M,27,,Residential,https://halifaxdevelopments.files.wordpress.com/2024/02/20240229_141302247989274919891921.jpg?w=1024,https://halifaxdevelopments.ca/2024/03/01/wyse-tower-5/,Halifax Regional Municipality development blog,162,
Wyse Tower,"5 Williams Street, Dartmouth",Boston Developments,$28.8 M,27,,Residential,https://halifaxdevelopments.files.wordpress.com/2024/02/20240216_1420076152925231213992969.jpg?w=1024,https://halifaxdevelopments.ca/2024/02/17/wyse-tower-4/,Halifax Regional Municipality development blog,162,
Wyse Tower,"1 Williams Street, Dartmouth",Boston Developments,-1,27,,Residential,https://halifaxdevelopments.files.wordpress.com/2024/01/20240111_1414216288408336103960577.jpg?w=1024,https://halifaxdevelopments.ca/2024/01/12/wyse-tower-3/,Halifax Regional Municipality development blog,160,
Wyse Tower,"1 Williams Street, Dartmouth",Boston Developments,-1,27,,Residential,https://halifaxdevelopments.files.wordpress.com/2024/01/20240103_1420507122297654889591318.jpg?w=1024,https://halifaxdevelopments.ca/2024/01/04/wyse-tower-2/,Halifax Regional Municipality development blog,160,
Wyse Tower,"5 Williams Street, Dartmouth",Boston Developments,-1,27,,Mixed Use,https://halifaxdevelopments.files.wordpress.com/2023/12/20231211_141307.jpg?w=1024,https://halifaxdevelopments.ca/2023/12/14/wyse-tower/,Halifax Regional Municipality development blog,160,
Wyse Tower,1 Williams,Boston Developments,-1,26,,Residential,-1,-1,Halifax Regional Municipality development blog,160,
2730 Agricola,Lots between The Wynwood and Bloomfield School,-1,-1,5,,-1,https://halifaxdevelopments.files.wordpress.com/2024/01/20240115_1304481396101566682097295.jpg?w=1024,https://halifaxdevelopments.ca/2024/01/18/2730-agricola/,Halifax Regional Municipality development blog,44,
Dec 31/23 Permits,-1,-1,-1,-1,,-1,https://halifaxdevelopments.files.wordpress.com/2023/12/20231231_1441013840722544762598587.jpg?w=1024,https://halifaxdevelopments.ca/2023/12/31/dec-31-23-permits/,Halifax Regional Municipality development blog,-1,
1190 Barrington,-1,-1,$21M,8,73 Units,Mixed Use,https://halifaxdevelopments.files.wordpress.com/2023/11/20231126_132446.jpg?w=1024,https://halifaxdevelopments.ca/2023/11/27/1190-barrington/,Halifax Regional Municipality development blog,,
2254 Barrington,"2254 Barrington Street, Halifax",-1,$36.0M,7,,1,https://halifaxdevelopments.files.wordpress.com/2024/02/20240226_1337014798269527528869997.jpg?w=1024,https://halifaxdevelopments.ca/2024/02/28/2254-barrington/,Halifax Regional Municipality development blog,117,
352 Beaver Bank Road,"352 Beaver Bank Road, Beaver Bank",Unknown,$10.2M,4,74,1,https://halifaxdevelopments.files.wordpress.com/2024/03/20240309_1612316344241128066178219.jpg?w=1024,https://halifaxdevelopments.ca/2024/03/11/352-beaver-bank-road/,Halifax Regional Municipality development blog,,
22 Brule Street,"22 Brule Street, Dartmouth",Unknown,$3.25 M,4,38,1,https://halifaxdevelopments.files.wordpress.com/2024/02/20240222_134431262985471309475011.jpg?w=1024,https://halifaxdevelopments.ca/2024/02/25/22-brule-street-2/,Halifax Regional Municipality development blog,,
22 Brule Street,"22 Brule Street, Dartmouth",Unknown,$3.2M,4,38,1,https://halifaxdevelopments.files.wordpress.com/2024/01/20240115_1354415059551715936560327.jpg?w=1024,https://halifaxdevelopments.ca/2024/01/18/22-brule-street/,Halifax Regional Municipality development blog,,
95 Caledonia,"95 Caledonia Road, Dartmouth",Unknown,$11.5 M,5,64,Mixed-Use,https://halifaxdevelopments.files.wordpress.com/2024/02/20240228_1413077833685972488710364.jpg?w=1024,https://halifaxdevelopments.ca/2024/02/29/95-caledonia-3/,Halifax Regional Municipality development blog,,
95 Caledonia,"95 Caledonia Road, Dartmouth",Unknown,$11.5 M,5,64,Mixed-Use,https://halifaxdevelopments.files.wordpress.com/2024/02/20240202_1404267569056159685806326.jpg?w=1024,https://halifaxdevelopments.ca/2024/02/03/95-caledonia-2/,Halifax Regional Municipality development blog,,
95 Caledonia Road,"95 Caledonia Road, Dartmouth",Unknown,Unavailable,5,-1,Mixed Use,https://halifaxdevelopments.files.wordpress.com/2023/12/20231223_154234351959388677227311.jpg?w=1024,https://halifaxdevelopments.ca/2023/12/26/95-caledonia-road/,Halifax Regional Municipality development blog,,
95 Caledonia,-1,-1,-1,-1,-1,-1,-1,-1,Halifax Regional Municipality development blog,,
5515 Cogswell,"5515 Cogswell Street, Halifax",Principal Developments,? $,10,,Mixed Use,https://halifaxdevelopments.files.wordpress.com/2024/03/20240320_1241284133177456069764017.jpg?w=1024,https://halifaxdevelopments.ca/2024/03/22/5515-cogswell-18/,Halifax Regional Municipality development blog,174,
5515 Cogswell,"5515 Cogswell Street, Halifax",Principal Developments,? $,10,,Mixed Use,https://halifaxdevelopments.files.wordpress.com/2024/03/20240313_1345277041576833718379347.jpg?w=1024,https://halifaxdevelopments.ca/2024/03/15/5515-cogswell-17/,Halifax Regional Municipality development blog,174,
5515 Cogswell,"5515 Cogswell Street, Halifax",Principal Developments,? $,10,,Mixed Use,https://halifaxdevelopments.files.wordpress.com/2024/03/20240306_130943268162430112441600.jpg?w=1024,https://halifaxdevelopments.ca/2024/03/07/5515-cogswell-16/,Halifax Regional Municipality development blog,174,
5515 Cogswell,"5515 Cogswell Street, Halifax",Principal Developments,? $,10,,Mixed Use,https://halifaxdevelopments.files.wordpress.com/2024/02/20240223_1341242852834127994072600.jpg?w=1024,https://halifaxdevelopments.ca/2024/02/25/5515-cogswell-15/,Halifax Regional Municipality development blog,174,
5515 Cogswell,"5515 Cogswell Street, Halifax",Principal Developments,? $,10,,Mixed Use,https://halifaxdevelopments.files.wordpress.com/2024/02/20240209_1312578788916617865712677.jpg?w=1024,https://halifaxdevelopments.ca/2024/02/10/5515-cogswell-14/,Halifax Regional Municipality development blog,174,
5515 Cogswell,"5515 Cogswell Street, Halifax",Principal Developments,? $,10,,Mixed Use,https://halifaxdevelopments.files.wordpress.com/2024/01/20240122_1322287408399987936925134.jpg?w=1024,https://halifaxdevelopments.ca/2024/01/25/5515-cogswell-13/,Halifax Regional Municipality development blog,174,
5515 Cogwsell,"5515 Cogswell Street, Halifax",Principal Developments,-1,10,,Mixed Use,https://halifaxdevelopments.files.wordpress.com/2024/01/20240114_1456018615592074901141369.jpg?w=1024,https://halifaxdevelopments.ca/2024/01/15/5515-cogwsell/,Halifax Regional Municipality development blog,-1,
5515 Cogswell,"5515 Cogswell Street, Halifax",Principal Developments,-1,10,,Mixed Use,https://halifaxdevelopments.files.wordpress.com/2024/01/20240109_1301036321549155803925781.jpg?w=1024,https://halifaxdevelopments.ca/2024/01/10/5515-cogswell-12/,Halifax Regional Municipality development blog,174,
5515 Cogswell,5415 Cogswell @ Gottingen,Principal Developments,-1,10,,Mixed Use,https://halifaxdevelopments.files.wordpress.com/2023/12/20231210_133644.jpg?w=1024,https://halifaxdevelopments.ca/2023/12/13/5515-cogswell-11/,Halifax Regional Municipality development blog,174,
-1,-1,-1,-1,-1,,-1,-1,-1,Halifax Regional Municipality development blog,-1,
25 Crystal,"25 Crystal Drive, Dartmouth",Unknown,$9.5M,5,50,Mixed-Use,https://halifaxdevelopments.files.wordpress.com/2024/03/20240314_1433243389831984212830766.jpg?w=1024,https://halifaxdevelopments.ca/2024/03/16/25-crystal-2/,Halifax Regional Municipality development blog,,
25 Crystal,"25 Crystal Drive, Dartmouth",Unknown,$9.5M,5,50,Mixed-Use,https://halifaxdevelopments.files.wordpress.com/2024/03/20240306_1346472756892399877385164.jpg?w=1024,https://halifaxdevelopments.ca/2024/03/07/25-crystal/,Halifax Regional Municipality development blog,,
25 Crystal Drive,Crystal Drive and Leaman Drive,Unknown,Not available,5,48,Mixed-Use,https://halifaxdevelopments.files.wordpress.com/2024/01/20240109_1348344679495716460898761.jpg?w=1024,https://halifaxdevelopments.ca/2024/01/11/25-crystal-drive/,Halifax Regional Municipality development blog,,
15 Farringdon Way,"15 Farringdon Way, Bedford",Unknown,$8.8 M,4,40,1,https://halifaxdevelopments.files.wordpress.com/2024/02/20240211_1355591045624750209568207.jpg?w=1024,https://halifaxdevelopments.ca/2024/02/13/15-farringdon-way-2/,Halifax Regional Municipality development blog,,
15 Farringdon Way,"15 Farringdon Way, Bedford",Unknown,$8.8 M,4,40,1,https://halifaxdevelopments.files.wordpress.com/2024/01/20240120_1545512040127337559902179.jpg?w=1024,https://halifaxdevelopments.ca/2024/01/23/15-farringdon-way/,Halifax Regional Municipality development blog,,
2188 Gottingen,MLS Architects building,-1,N/A,9,,Mixed Use,https://halifaxdevelopments.files.wordpress.com/2024/01/20240114_1449256811279203383103458.jpg?w=1024,https://halifaxdevelopments.ca/2024/01/16/2188-gottingen/,Halifax Regional Municipality development blog,142,
2318 Gottingen,-1,-1,-1,6,-1,Mixed Use,https://halifaxdevelopments.files.wordpress.com/2024/01/20240122_130727111782839529548685.jpg?w=1024,https://halifaxdevelopments.ca/2024/01/25/2318-gottingen/,Halifax Regional Municipality development blog,,
5213 Green Street,5213 Green Street,-1,Not available,6,,Residential,https://halifaxdevelopments.files.wordpress.com/2024/01/20240113_1559392255203470188714720.jpg?w=1024,https://halifaxdevelopments.ca/2024/01/15/5213-green-street/,Halifax Regional Municipality development blog,-1,
214 Herring Cove Road,"214 Herring Cove Road, Halifax",Unknown,$4.2 M,4,38,Mixed-Use,https://halifaxdevelopments.files.wordpress.com/2024/02/20240224_1544527612817320978215870.jpg?w=1024,https://halifaxdevelopments.ca/2024/02/26/214-herring-cove-road-2/,Halifax Regional Municipality development blog,,
513 Herring Cove Road,"513 Herring Cove Road, Halifax",Black Bay Group Inc,,4,62,1,https://halifaxdevelopments.files.wordpress.com/2024/01/20240128_1532306341852448269035902.jpg?w=1024,https://halifaxdevelopments.ca/2024/01/30/513-herring-cove-road/,Halifax Regional Municipality development blog,,$5.0 M
2811 Isleville,"2811 Isleville Street, Halifax",Unknown,$20 M,11,,Hotel + Comm,https://halifaxdevelopments.files.wordpress.com/2024/03/20240319_1313447688258073013953708.jpg?w=1024,https://halifaxdevelopments.ca/2024/03/21/2811-isleville-10/,Halifax Regional Municipality development blog,70 Rooms,
2811 Isleville,"2811 Isleville Street, Halifax",Unknown,$20 M,11,,Hotel + Comm,https://halifaxdevelopments.files.wordpress.com/2024/03/20240312_1259269053972843114300789.jpg?w=1024,https://halifaxdevelopments.ca/2024/03/13/2811-isleville-9/,Halifax Regional Municipality development blog,70 Rooms,
2811 Isleville,"2811 Isleville Street, Halifax",Unknown,$20 M,11,,Hotel + Comm,https://halifaxdevelopments.files.wordpress.com/2024/03/20240304_1343187998613997254357442.jpg?w=1024,https://halifaxdevelopments.ca/2024/03/05/2811-isleville-8/,Halifax Regional Municipality development blog,70 Rooms,
2811 Isleville,"2811 Isleville Street, Halifax",Unknown,$20 M,11,,Hotel + Comm,https://halifaxdevelopments.files.wordpress.com/2024/02/20240228_1305118600899477155061482.jpg?w=1024,https://halifaxdevelopments.ca/2024/02/29/2811-isleville-7/,Halifax Regional Municipality development blog,70 Rooms,
2811 Isleville,"2811 Isleville Street, Halifax",Unknown,$20 M,11,,Hotel + Comm,https://halifaxdevelopments.files.wordpress.com/2024/02/20240222_125553762022253393086918.jpg?w=1024,https://halifaxdevelopments.ca/2024/02/23/2811-isleville-6/,Halifax Regional Municipality development blog,70 Rooms,
2811 Isleville,"2811 Isleville Street, Halifax",Unknown,$20 M,11,,Hotel + Comm,https://halifaxdevelopments.files.wordpress.com/2024/02/20240212_1251293684119607325947056.jpg?w=1024,https://halifaxdevelopments.ca/2024/02/14/2811-isleville-5/,Halifax Regional Municipality development blog,70 Rooms,
2811 Isleville,"2811 Isleville Street, Halifax",Unknown,$20 M,11,,Hotel + Comm,https://halifaxdevelopments.files.wordpress.com/2024/02/20240208_1325354165042818224564377.jpg?w=1024,https://halifaxdevelopments.ca/2024/02/08/2811-isleville-4/,Halifax Regional Municipality development blog,70 Rooms,
2811 Isleville,"2811 Isleville Street, Halifax",Unknown,$20 M,11,,Hotel + Comm,https://halifaxdevelopments.files.wordpress.com/2024/01/20240130_134245249552444047866479.jpg?w=1024,https://halifaxdevelopments.ca/2024/01/31/2811-isleville-3/,Halifax Regional Municipality development blog,70 Rooms,
2811 Isleville,"2811 Isleville Street, Halifax",Unknown,$20 M,11,,Hotel + Comm,https://halifaxdevelopments.files.wordpress.com/2024/01/20240119_1339036924755590550365522.jpg?w=1024,https://halifaxdevelopments.ca/2024/01/21/2811-isleville-2/,Halifax Regional Municipality development blog,70 Rooms,
2811 Isleville,"2811 Isleville Street, Halifax",Unknown,-1,11,,-1,https://halifaxdevelopments.files.wordpress.com/2024/01/20240104_1324234239566470767692105.jpg?w=1024,https://halifaxdevelopments.ca/2024/01/05/2811-isleville/,Halifax Regional Municipality development blog,-1,
10 Kearney Lake,"10 Kearney Lake Road, Halifax",-1,,4,99,Mixed Use,https://halifaxdevelopments.files.wordpress.com/2023/12/20231226_1328526958061910006472119.jpg?w=1024,https://halifaxdevelopments.ca/2023/12/28/10-kearney-lake/,Halifax Regional Municipality development blog,,17.8
The Abraham,"2180 Robie Street, Halifax",Commons View Holdings Ltd,$22.4M,9,108,-1,https://halifaxdevelopments.files.wordpress.com/2023/12/20231230_1443154408972597760767942.jpg?w=1024,https://halifaxdevelopments.ca/2023/12/30/the-abraham/,Halifax Regional Municipality development blog,,
285 Larry Uteck,"285 Larry Uteck Boulevard, Halifax",-1,$29.0M,12,133,-1,https://halifaxdevelopments.files.wordpress.com/2024/01/20240120_1613037650701878923946240.jpg?w=1024,https://halifaxdevelopments.ca/2024/01/23/285-larry-uteck/,Halifax Regional Municipality development blog,,
30 Memory Lane,Lower Sackville,-1,-1,-1,44,-1,https://halifaxdevelopments.files.wordpress.com/2024/02/20240211_1535354110754725754907240.jpg?w=1024,https://halifaxdevelopments.ca/2024/02/15/30-memory-lane/,Halifax Regional Municipality development blog,,
6427 North,"6427 North Street, Halifax",-1,$17.5M,7,73,1,https://halifaxdevelopments.files.wordpress.com/2024/03/20240312_1347527363394828027228101.jpg?w=1024,https://halifaxdevelopments.ca/2024/03/14/6427-north/,Halifax Regional Municipality development blog,,
Shannex at Opalridge,"131 Opalridge Drive, Dartmouth",Shannex Developments,$12.8 M,6,,Care Use,https://halifaxdevelopments.files.wordpress.com/2024/03/20240301_1353035805062013724619778.jpg?w=1024,https://halifaxdevelopments.ca/2024/03/02/shannex-at-opalridge-2/,Halifax Regional Municipality development blog,176,
Shannex at Opalridge,"131 Opalridge Drive, Dartmouth",Shannex Developments,$12.8 M,6,,Care Use,https://halifaxdevelopments.files.wordpress.com/2024/01/20240124_1352231212945480268045036.jpg?w=1024,https://halifaxdevelopments.ca/2024/01/27/shannex-at-opalridge/,Halifax Regional Municipality development blog,176,
189 Opalridge Drive,"189 Opalridge Drive, Dartmouth",Shannex Developments,-1,6,,Assisted Living,https://halifaxdevelopments.files.wordpress.com/2024/01/20240105_1435365215894790397934.jpg?w=1024,https://halifaxdevelopments.ca/2024/01/07/opal-ridge-2/,Halifax Regional Municipality development blog,-1,
3036 Oxford,"3036 Oxford Street, Halifax",Unknown,$10 M,7,,1,https://halifaxdevelopments.files.wordpress.com/2024/01/20240131_1144361552465441696373815.jpg?w=1024,https://halifaxdevelopments.ca/2024/02/01/3036-oxford/,Halifax Regional Municipality development blog,68,
Dec 03/23 Permits,-1,-1,-1,-1,,-1,https://halifaxdevelopments.files.wordpress.com/2023/12/20231126_135404.jpg?w=1024,https://halifaxdevelopments.ca/2023/12/03/dec-03-23-permits/,Halifax Regional Municipality development blog,-1,
-1,-1,-1,-1,-1,,-1,https://halifaxdevelopments.files.wordpress.com/2023/12/20231213_095743.jpg?w=1024,https://halifaxdevelopments.ca/2023/12/10/dec-10-23-permits/,Halifax Regional Municipality development blog,-1,
171 Pleasant,"171 Pleasant Street, Dartmouth",J2K Properties,$22.5 M,8,,Residential,https://halifaxdevelopments.files.wordpress.com/2024/03/20240322_1406346257963240668220785.jpg?w=1024,https://halifaxdevelopments.ca/2024/03/23/171-pleasant-2/,Halifax Regional Municipality development blog,137,
171 Pleasant Street,"171 Pleasant Street, Dartmouth",J2K Properties,-1,9,,Residential,https://halifaxdevelopments.files.wordpress.com/2023/12/20231223_1441535828672638929783302.jpg?w=1024,https://halifaxdevelopments.ca/2023/12/25/171-pleasant-street/,Halifax Regional Municipality development blog,-1,
171 Pleasant,-1,Primo Properties Ltd,$22.5M,8,,Residential,https://halifaxdevelopments.files.wordpress.com/2023/12/20231208_120449.jpg?w=1024,https://halifaxdevelopments.ca/2023/12/09/171-pleasant/,Halifax Regional Municipality development blog,137,
-1,171 Pleasant Street,-1,-1,9,,Residential,-1,-1,Halifax Regional Municipality development blog,137,
15 Prince Albert Road,15 Prince Albert Road,-1,-1,-1,-1,-1,https://halifaxdevelopments.files.wordpress.com/2024/01/20240124_14152254229499622702388.jpg?w=1024,https://halifaxdevelopments.ca/2024/01/28/15-prince-albert-road/,Halifax Regional Municipality development blog,,
307 Prince Albert,"5 Glenwood Avenue, Dartmouth",Unknown,?,17,99,Mixed-Use,https://halifaxdevelopments.files.wordpress.com/2024/02/20240217_1558327360202043128038816.jpg?w=1024,https://halifaxdevelopments.ca/2024/02/18/307-prince-albert/,Halifax Regional Municipality development blog,,
307 Prince Albert Road,-1,Monaco Investments Ltd,-1,16,99,Mixed Use,https://halifaxdevelopments.files.wordpress.com/2024/01/20240106_1619091392119614808417339.jpg?w=1024,https://halifaxdevelopments.ca/2024/01/08/307-prince-albert-road-4/,Halifax Regional Municipality development blog,,
NEW PROPOSAL for 307 Prince Albert Road,-1,-1,-1,-1,-1,-1,-1,-1,Halifax Regional Municipality development blog,,
-1,-1,-1,-1,-1,-1,-1,https://halifaxdevelopments.files.wordpress.com/2023/12/10000022654295595692624035487.jpg?w=1024,https://halifaxdevelopments.ca/2023/12/24/dec-24-23-permits/,Halifax Regional Municipality development blog,,
6230 Quinpool,6230 Quinpool Road,-1,Not specified,6,,-1,https://halifaxdevelopments.files.wordpress.com/2024/02/20240210_1625185336416485745062840.jpg?w=1024,https://halifaxdevelopments.ca/2024/02/12/6230-quinpool/,Halifax Regional Municipality development blog,21,
Dec 24/23 Permits,-1,-1,Not specified,-1,,-1,https://halifaxdevelopments.files.wordpress.com/2023/12/10000022654295595692624035487.jpg?w=1024,https://halifaxdevelopments.ca/2023/12/24/dec-24-23-permits/,Halifax Regional Municipality development blog,-1,
6324 Quinpool,"6324 Quinpool Road, Halifax",Dexel Developments,-1,-1,-1,-1,https://halifaxdevelopments.files.wordpress.com/2024/02/20240210_16180830813247793381646.jpg?w=1024,https://halifaxdevelopments.ca/2024/02/11/6324-quinpool/,Halifax Regional Municipality development blog,,
2032 Robie & 2033 Parker,"2032 Robie Street & 2033 Parker Street, Halifax",Westwood Group,Building permits recently submitted,22 & 5,101 & 36,Mixed Use,https://halifaxdevelopments.files.wordpress.com/2023/12/20231230_1448494282378810885797969.jpg?w=1024,https://halifaxdevelopments.ca/2024/01/01/2032-robie-2033-parker/,Halifax Regional Municipality development blog,,
2688 Robie,"2688 Robie Street, Halifax",-1,-1,10,,-1,https://halifaxdevelopments.files.wordpress.com/2024/01/20240115_1309052879885014793716653.jpg?w=1024,https://halifaxdevelopments.ca/2024/01/19/2688-robie/,Halifax Regional Municipality development blog,60,
-1,221 Sackville Drive,-1,-1,-1,-1,-1,https://halifaxdevelopments.files.wordpress.com/2024/02/20240211_1530302325080802032143927.jpg?w=1024,https://halifaxdevelopments.ca/2024/02/14/221-sackville-drive/,Halifax Regional Municipality development blog,,
361 Sackville Drive,"361 Sackville Drive, Lower Sackville",Unknown,-1,5,65,Residential,https://halifaxdevelopments.files.wordpress.com/2024/03/20240303_170134215144814561371573.jpg?w=1024,https://halifaxdevelopments.ca/2024/03/04/361-sackville-drive/,Halifax Regional Municipality development blog,,
1108-1132 Sackville Drive,"1108-1132 Sackville Drive, Middle Sackville",Marchand Homes,$25.2M,4,100,Residential,https://halifaxdevelopments.files.wordpress.com/2024/02/20240211_1423263991095366794339894.jpg?w=1024,https://halifaxdevelopments.ca/2024/02/13/1108-1132-sackville-drive/,Halifax Regional Municipality development blog,,
219 Seton Road,"219 Seton Road, Halifax",Shannex Developments,$16.9 M,6,144,Care Use,https://halifaxdevelopments.files.wordpress.com/2024/01/20240120_1625584206875214463420320.jpg?w=1024,https://halifaxdevelopments.ca/2024/01/23/219-seton-road/,Halifax Regional Municipality development blog,,
71 Terrastone,"71 Terrastone Ridge, Dartmouth",Unknown,$24.2 M,6,,0,https://halifaxdevelopments.files.wordpress.com/2024/02/20240228_1427104048783481618878748.jpg?w=1024,https://halifaxdevelopments.ca/2024/02/29/71-terrastone/,Halifax Regional Municipality development blog,73,
71 Terrastone Ridge,"71 Terrastone Ridge, Dartmouth",The Parks of Lake Charles,$24.2 M,6,,0,https://halifaxdevelopments.files.wordpress.com/2024/02/20240202_1415284410259852467076670.jpg?w=1024,https://halifaxdevelopments.ca/2024/02/04/71-terrastone-ridge/,Halifax Regional Municipality development blog,73,
The Parks of Lake Charles,-1,-1,-1,-1,,-1,https://halifaxdevelopments.files.wordpress.com/2023/12/20231212_142211.jpg?w=1024,https://halifaxdevelopments.ca/2023/12/15/the-parks-of-lake-charles/,Halifax Regional Municipality development blog,-1,
Lancaster Villas,Baker Drive,-1,-1,8,95,Residential,https://halifaxdevelopments.files.wordpress.com/2023/12/20231206_140924.jpg?w=1024,https://halifaxdevelopments.ca/2023/12/07/lancaster-villas/,Halifax Regional Municipality development blog,,
8 Walker Avenue,"8 Walker Avenue, Lower Sackville",-1,$24.4M,4,136,Mixed Use,https://halifaxdevelopments.files.wordpress.com/2023/12/20231220_1445446217937624771989618.jpg?w=1024,https://halifaxdevelopments.ca/2023/12/22/8-walker-avenue/,Halifax Regional Municipality development blog,,
5688 West,"5688 West Street, Halifax",-1,$3.0M,5,16,Residential,https://halifaxdevelopments.files.wordpress.com/2024/03/20240310_1521093695612906515984158.jpg?w=1024,https://halifaxdevelopments.ca/2024/03/11/5688-west/,Halifax Regional Municipality development blog,,
5688 West Street,Unknown,-1,-1,5,16,-1,https://halifaxdevelopments.files.wordpress.com/2024/01/20240114_1514343589922064787471926.jpg?w=1024,https://halifaxdevelopments.ca/2024/01/17/5688-west-street/,Halifax Regional Municipality development blog,,
-1,247 Windmill Road,-1,,12,103,-1,https://halifaxdevelopments.files.wordpress.com/2023/11/20231130_074716.jpg?w=1024,https://halifaxdevelopments.ca/2023/12/01/247-windmill-road/,Halifax Regional Municipality development blog,,$17.2M
294 Windmill Road,"294 Windmill Road, Dartmouth",Unknown,? Value,7,,-1,https://halifaxdevelopments.files.wordpress.com/2024/03/20240311_1440293715922636910047068.jpg?w=1024,https://halifaxdevelopments.ca/2024/03/12/294-windmill-road/,Halifax Regional Municipality development blog,76,
352 Windmill,"352 Windmill Road, Dartmouth",Cemex Holdings Ltd,$12.6 M,9,63,-1,https://halifaxdevelopments.files.wordpress.com/2024/01/20240130_142725487825159254439724.jpg?w=1024,https://halifaxdevelopments.ca/2024/02/02/352-windmill/,Halifax Regional Municipality development blog,,
3521 Windsor,"3521 Windsor Street, Halifax",-1,$21.0M,7,,Residential,https://halifaxdevelopments.files.wordpress.com/2024/03/20240317_1620426744656775029522903.jpg?w=1024,https://halifaxdevelopments.ca/2024/03/19/3521-windsor-3/,Halifax Regional Municipality development blog,117,
3521 Windsor,"3521 Windsor Street, Halifax",-1,-1,-1,,-1,https://halifaxdevelopments.files.wordpress.com/2024/02/20240131_1350121270768720087632347.jpg?w=1024,https://halifaxdevelopments.ca/2024/02/01/3521-windsor-2/,Halifax Regional Municipality development blog,-1,
3521 Windsor,"3521 Windsor Street, Halifax",-1,$21M,7,,Residential,https://halifaxdevelopments.files.wordpress.com/2023/12/20231226_160628667780048150730117.jpg?w=1024,https://halifaxdevelopments.ca/2023/12/27/3521-windsor/,Halifax Regional Municipality development blog,117,
Dec 10 / 23 Permits,-1,-1,-1,-1,,-1,https://halifaxdevelopments.files.wordpress.com/2023/12/20231213_095743.jpg?w=1024,https://halifaxdevelopments.ca/2023/12/10/dec-10-23-permits/,Halifax Regional Municipality development blog,-1,
169 Wyse,"30 Pelzant Street, Dartmouth",Zagrab Developments And Richmond Yards,$21.4 M,9,,Mixed-Use,https://halifaxdevelopments.files.wordpress.com/2024/03/20240306_1340504240621761783263207.jpg?w=1024,https://halifaxdevelopments.ca/2024/03/07/169-wyse-2/,Halifax Regional Municipality development blog,97,
169 Wyse,"30 Pelzant Street, Dartmouth",Zagrab Developments,$21.4 M,9,,Mixed-Use,https://halifaxdevelopments.files.wordpress.com/2024/02/20240220_1421168778505759450591175.jpg?w=1024,https://halifaxdevelopments.ca/2024/02/22/169-wyse/,Halifax Regional Municipality development blog,97,
169 Wyse Road,"30 Pelzant Street, Dartmouth",Zagrab Developments,$21.4 M,9,,Mixed-Use,https://halifaxdevelopments.files.wordpress.com/2024/02/20240207_1426135694203178539377268.jpg?w=1024,https://halifaxdevelopments.ca/2024/02/08/169-wyse-road-3/,Halifax Regional Municipality development blog,97,
169 Wyse Road,"30 Pelzant Street, Dartmouth",Zagrab Developments,$21.4 M,8,,Mixed Use,https://halifaxdevelopments.files.wordpress.com/2023/12/20231218_1415071068007124072235102.jpg?w=1024,https://halifaxdevelopments.ca/2023/12/19/169-wyse-road/,Halifax Regional Municipality development blog,99,
215 Wyse Road,"215 Wyse Road, Dartmouth",-1,$27.4M,9,,Mixed-Use,https://halifaxdevelopments.files.wordpress.com/2024/03/20240321_1416252670777340262635531.jpg?w=1024,https://halifaxdevelopments.ca/2024/03/23/215-wyse-road-2/,Halifax Regional Municipality development blog,96,
215 Wyse,"215 Wyse Road, Dartmouth",-1,$27.4M,9,,Mixed-Use,https://halifaxdevelopments.files.wordpress.com/2024/03/20240312_1358127763869861791165951.jpg?w=1024,https://halifaxdevelopments.ca/2024/03/13/215-wyse-2/,Halifax Regional Municipality development blog,96,
215 Wyse,"215 Wyse Road, Dartmouth",-1,$27.4M,9,,Mixed-Use,https://halifaxdevelopments.files.wordpress.com/2024/03/20240305_1342301958227128917552612.jpg?w=1024,https://halifaxdevelopments.ca/2024/03/06/215-wyse/,Halifax Regional Municipality development blog,96,
215 Wyse Road,"215 Wyse Road, Dartmouth",-1,-1,9,,Mixed Use,https://halifaxdevelopments.files.wordpress.com/2024/01/20240102_1418492688857388871132978.jpg?w=1024,https://halifaxdevelopments.ca/2024/01/03/215-wyse-road/,Halifax Regional Municipality development blog,203,
Dec 17 / 23 Permits,-1,-1,-1,-1,,-1,https://halifaxdevelopments.files.wordpress.com/2023/12/20231217_130823309728207014457356.jpg?w=1024,https://halifaxdevelopments.ca/2023/12/17/dec-17-23-permits/,Halifax Regional Municipality development blog,-1,
The Links at Brunello,Marketway Lane behind Sobeys,-1,-1,-1,574,0,https://halifaxdevelopments.files.wordpress.com/2023/11/20231126_150411.jpg?w=1024,https://halifaxdevelopments.ca/2023/11/30/the-links-at-brunello/,Halifax Regional Municipality development blog,,
Bluebird Storage,"St. Margaret’s Bay Road, Timberlea",-1,-1,-1,-1,-1,-1,-1,Halifax Regional Municipality development blog,,
Needs / Sobeys Fast Fuel,"Marketway Lane, Timberlea",-1,-1,-1,-1,-1,-1,-1,Halifax Regional Municipality development blog,,
Brunello Estates,-1,-1,-1,-1,-1,-1,-1,-1,Halifax Regional Municipality development blog,,
Cogswell District,-1,-1,-1,-1,-1,-1,https://halifaxdevelopments.files.wordpress.com/2023/12/20231220_1327594278399658128444147.jpg?w=1024,https://halifaxdevelopments.ca/2023/12/21/cogswell-district-4/,Halifax Regional Municipality development blog,,
Cogswell District,-1,-1,-1,-1,-1,-1,https://halifaxdevelopments.files.wordpress.com/2023/12/20231216_1316446573458138056199625.jpg?w=1024,https://halifaxdevelopments.ca/2023/12/17/cogswell-district-3/,Halifax Regional Municipality development blog,,
Cogswell Interchange Demolition,-1,-1,-1,-1,-1,-1,-1,-1,Halifax Regional Municipality development blog,,
Cogswell District,-1,-1,-1,-1,-1,-1,-1,-1,Halifax Regional Municipality development blog,,
Cogswell District,-1,-1,-1,-1,-1,-1,-1,-1,Halifax Regional Municipality development blog,,
Cogswell Interchange Demolition,-1,-1,-1,-1,-1,-1,-1,-1,Halifax Regional Municipality development blog,,
-1,-1,-1,-1,-1,-1,-1,-1,-1,Halifax Regional Municipality development blog,,
Mount Hope Village,Southdale Special Planning Area,-1,-1,-1,-1,-1,https://halifaxdevelopments.files.wordpress.com/2023/12/20231208_122935.jpg?w=1024,https://halifaxdevelopments.ca/2023/12/09/mount-hope-village/,Halifax Regional Municipality development blog,,
Shannex at Opalridge,"131 Opalridge Drive, Dartmouth",Shannex Developments,$12.8 M,6,,0,https://halifaxdevelopments.files.wordpress.com/2024/03/20240301_1353035805062013724619778.jpg?w=1024,https://halifaxdevelopments.ca/2024/03/02/shannex-at-opalridge-2/,Halifax Regional Municipality development blog,176,
Shannex at Opalridge,"131 Opalridge Drive, Dartmouth",Shannex Developments,$12.8 M,6,,0,https://halifaxdevelopments.files.wordpress.com/2024/01/20240124_1352231212945480268045036.jpg?w=1024,https://halifaxdevelopments.ca/2024/01/27/shannex-at-opalridge/,Halifax Regional Municipality development blog,176,
189 Opalridge Drive,"189 Opalridge Drive, Dartmouth",Shannex Developments,-1,6,,-1,https://halifaxdevelopments.files.wordpress.com/2024/01/20240105_1435365215894790397934.jpg?w=1024,https://halifaxdevelopments.ca/2024/01/07/opal-ridge-2/,Halifax Regional Municipality development blog,-1,
-1,-1,-1,-1,-1,-1,-1,https://halifaxdevelopments.files.wordpress.com/2023/11/20231126_140942.jpg?w=1024,https://halifaxdevelopments.ca/2023/11/26/nov-26-23-development-permits/,Halifax Regional Municipality development blog,,
15 Farringdon Way,"15 Farringdon Way, Bedford",Unknown,$8.8 M,4,,0,https://halifaxdevelopments.files.wordpress.com/2024/01/20240120_1545512040127337559902179.jpg?w=1024,https://halifaxdevelopments.ca/2024/01/23/15-farringdon-way/,Halifax Regional Municipality development blog,40,
The Rooks of West Bedford,"Rooksview Lane, Bedford",-1,-1,14,,0,https://halifaxdevelopments.files.wordpress.com/2023/12/20231225_1259372691453423709611985.jpg?w=1024,https://halifaxdevelopments.ca/2023/12/27/the-rooks-of-west-bedford-2/,Halifax Regional Municipality development blog,-1,
The Rooks Of West Bedford,"Rooksview Lane, Bedford",-1,-1,15,,0,https://halifaxdevelopments.files.wordpress.com/2023/12/20231217_130648542243888457063391.jpg?w=1024,https://halifaxdevelopments.ca/2023/12/19/the-rooks-of-west-bedford/,Halifax Regional Municipality development blog,-1,
